"","X","Y","PRIMARY_ST","num_policy"
"1","-155.5","18.5","Hawaii",0.347826086956522
"2","-156.5","19.5","Hawaii",0.347826086956522
"3","-155.5","19.5","Hawaii",0.347826086956522
"4","-154.5","19.5","Hawaii",0.347826086956522
"5","-157.5","20.5","Hawaii",0.347826086956522
"6","-156.5","20.5","Hawaii",0.347826086956522
"7","-155.5","20.5","Hawaii",0.347826086956522
"8","-160.5","21.5","Hawaii",0.347826086956522
"9","-159.5","21.5","Hawaii",0.347826086956522
"10","-158.5","21.5","Hawaii",0.347826086956522
"11","-157.5","21.5","Hawaii",0.347826086956522
"12","-156.5","21.5","Hawaii",0.347826086956522
"13","-160.5","22.5","Hawaii",0.347826086956522
"14","-159.5","22.5","Hawaii",0.347826086956522
"15","-80.5","24.5","Florida",0.130434782608696
"16","-97.5","25.5","Texas",0.130434782608696
"17","-81.5","25.5","Florida",0.130434782608696
"18","-80.5","25.5","Florida",0.130434782608696
"19","-99.5","26.5","Texas",0.130434782608696
"20","-98.5","26.5","Texas",0.130434782608696
"21","-97.5","26.5","Texas",0.130434782608696
"22","-82.5","26.5","Florida",0.130434782608696
"23","-81.5","26.5","Florida",0.130434782608696
"24","-80.5","26.5","Florida",0.130434782608696
"25","-99.5","27.5","Texas",0.130434782608696
"26","-98.5","27.5","Texas",0.130434782608696
"27","-97.5","27.5","Texas",0.130434782608696
"28","-96.5","27.5","Texas",0.130434782608696
"29","-82.5","27.5","Florida",0.130434782608696
"30","-81.5","27.5","Florida",0.130434782608696
"31","-80.5","27.5","Florida",0.130434782608696
"32","-103.5","28.5","Texas",0.130434782608696
"33","-100.5","28.5","Texas",0.130434782608696
"34","-99.5","28.5","Texas",0.130434782608696
"35","-98.5","28.5","Texas",0.130434782608696
"36","-97.5","28.5","Texas",0.130434782608696
"37","-96.5","28.5","Texas",0.130434782608696
"38","-95.5","28.5","Texas",0.130434782608696
"39","-89.5","28.5","Mississippi",0
"40","-82.5","28.5","Florida",0.130434782608696
"41","-81.5","28.5","Florida",0.130434782608696
"42","-80.5","28.5","Florida",0.130434782608696
"43","-104.5","29.5","Texas",0.130434782608696
"44","-103.5","29.5","Texas",0.130434782608696
"45","-102.5","29.5","Texas",0.130434782608696
"46","-101.5","29.5","Texas",0.130434782608696
"47","-100.5","29.5","Texas",0.130434782608696
"48","-99.5","29.5","Texas",0.130434782608696
"49","-98.5","29.5","Texas",0.130434782608696
"50","-97.5","29.5","Texas",0.130434782608696
"51","-96.5","29.5","Texas",0.130434782608696
"52","-95.5","29.5","Texas",0.130434782608696
"53","-94.5","29.5","Texas",0.130434782608696
"54","-93.5","29.5","Texas",0.130434782608696
"55","-92.5","29.5","Louisiana",0.0869565217391304
"56","-91.5","29.5","Louisiana",0.0869565217391304
"57","-90.5","29.5","Louisiana",0.0869565217391304
"58","-89.5","29.5","Louisiana",0.0869565217391304
"59","-85.5","29.5","Florida",0.130434782608696
"60","-84.5","29.5","Florida",0.130434782608696
"61","-83.5","29.5","Florida",0.130434782608696
"62","-82.5","29.5","Florida",0.130434782608696
"63","-81.5","29.5","Florida",0.130434782608696
"64","-80.5","29.5","Florida",0.130434782608696
"65","-105.5","30.5","Texas",0.130434782608696
"66","-104.5","30.5","Texas",0.130434782608696
"67","-103.5","30.5","Texas",0.130434782608696
"68","-102.5","30.5","Texas",0.130434782608696
"69","-101.5","30.5","Texas",0.130434782608696
"70","-100.5","30.5","Texas",0.130434782608696
"71","-99.5","30.5","Texas",0.130434782608696
"72","-98.5","30.5","Texas",0.130434782608696
"73","-97.5","30.5","Texas",0.130434782608696
"74","-96.5","30.5","Texas",0.130434782608696
"75","-95.5","30.5","Texas",0.130434782608696
"76","-94.5","30.5","Texas",0.130434782608696
"77","-93.5","30.5","Louisiana",0.0869565217391304
"78","-92.5","30.5","Louisiana",0.0869565217391304
"79","-91.5","30.5","Louisiana",0.0869565217391304
"80","-90.5","30.5","Louisiana",0.0869565217391304
"81","-89.5","30.5","Mississippi",0
"82","-88.5","30.5","Alabama",0.130434782608696
"83","-87.5","30.5","Florida",0.130434782608696
"84","-86.5","30.5","Florida",0.130434782608696
"85","-85.5","30.5","Florida",0.130434782608696
"86","-84.5","30.5","Florida",0.130434782608696
"87","-83.5","30.5","Georgia",0.130434782608696
"88","-82.5","30.5","Georgia",0.130434782608696
"89","-81.5","30.5","Florida",0.130434782608696
"90","-113.5","31.5","Arizona",0.260869565217391
"91","-112.5","31.5","Arizona",0.260869565217391
"92","-111.5","31.5","Arizona",0.260869565217391
"93","-110.5","31.5","Arizona",0.260869565217391
"94","-109.5","31.5","Arizona",0.260869565217391
"95","-108.5","31.5","New Mexico",0.347826086956522
"96","-107.5","31.5","New Mexico",0.347826086956522
"97","-106.5","31.5","Texas",0.130434782608696
"98","-105.5","31.5","Texas",0.130434782608696
"99","-104.5","31.5","Texas",0.130434782608696
"100","-103.5","31.5","Texas",0.130434782608696
"101","-102.5","31.5","Texas",0.130434782608696
"102","-101.5","31.5","Texas",0.130434782608696
"103","-100.5","31.5","Texas",0.130434782608696
"104","-99.5","31.5","Texas",0.130434782608696
"105","-98.5","31.5","Texas",0.130434782608696
"106","-97.5","31.5","Texas",0.130434782608696
"107","-96.5","31.5","Texas",0.130434782608696
"108","-95.5","31.5","Texas",0.130434782608696
"109","-94.5","31.5","Texas",0.130434782608696
"110","-93.5","31.5","Louisiana",0.0869565217391304
"111","-92.5","31.5","Louisiana",0.0869565217391304
"112","-91.5","31.5","Mississippi",0
"113","-90.5","31.5","Mississippi",0
"114","-89.5","31.5","Mississippi",0
"115","-88.5","31.5","Mississippi",0
"116","-87.5","31.5","Alabama",0.130434782608696
"117","-86.5","31.5","Alabama",0.130434782608696
"118","-85.5","31.5","Alabama",0.130434782608696
"119","-84.5","31.5","Georgia",0.130434782608696
"120","-83.5","31.5","Georgia",0.130434782608696
"121","-82.5","31.5","Georgia",0.130434782608696
"122","-81.5","31.5","Georgia",0.130434782608696
"123","-80.5","31.5","Georgia",0.130434782608696
"124","-118.5","32.5","California",0.478260869565217
"125","-117.5","32.5","California",0.478260869565217
"126","-116.5","32.5","California",0.478260869565217
"127","-115.5","32.5","California",0.478260869565217
"128","-114.5","32.5","California",0.478260869565217
"129","-113.5","32.5","Arizona",0.260869565217391
"130","-112.5","32.5","Arizona",0.260869565217391
"131","-111.5","32.5","Arizona",0.260869565217391
"132","-110.5","32.5","Arizona",0.260869565217391
"133","-109.5","32.5","New Mexico",0.347826086956522
"134","-108.5","32.5","New Mexico",0.347826086956522
"135","-107.5","32.5","New Mexico",0.347826086956522
"136","-106.5","32.5","New Mexico",0.347826086956522
"137","-105.5","32.5","New Mexico",0.347826086956522
"138","-104.5","32.5","New Mexico",0.347826086956522
"139","-103.5","32.5","New Mexico",0.347826086956522
"140","-102.5","32.5","Texas",0.130434782608696
"141","-101.5","32.5","Texas",0.130434782608696
"142","-100.5","32.5","Texas",0.130434782608696
"143","-99.5","32.5","Texas",0.130434782608696
"144","-98.5","32.5","Texas",0.130434782608696
"145","-97.5","32.5","Texas",0.130434782608696
"146","-96.5","32.5","Texas",0.130434782608696
"147","-95.5","32.5","Texas",0.130434782608696
"148","-94.5","32.5","Texas",0.130434782608696
"149","-93.5","32.5","Louisiana",0.0869565217391304
"150","-92.5","32.5","Louisiana",0.0869565217391304
"151","-91.5","32.5","Mississippi",0
"152","-90.5","32.5","Mississippi",0
"153","-89.5","32.5","Mississippi",0
"154","-88.5","32.5","Mississippi",0
"155","-87.5","32.5","Alabama",0.130434782608696
"156","-86.5","32.5","Alabama",0.130434782608696
"157","-85.5","32.5","Alabama",0.130434782608696
"158","-84.5","32.5","Alabama",0.130434782608696
"159","-83.5","32.5","Georgia",0.130434782608696
"160","-82.5","32.5","Georgia",0.130434782608696
"161","-81.5","32.5","Georgia",0.130434782608696
"162","-80.5","32.5","Georgia",0.130434782608696
"163","-79.5","32.5","South Carolina",0.217391304347826
"164","-120.5","33.5","California",0.478260869565217
"165","-119.5","33.5","California",0.478260869565217
"166","-118.5","33.5","California",0.478260869565217
"167","-117.5","33.5","California",0.478260869565217
"168","-116.5","33.5","California",0.478260869565217
"169","-115.5","33.5","California",0.478260869565217
"170","-114.5","33.5","California",0.478260869565217
"171","-113.5","33.5","Arizona",0.260869565217391
"172","-112.5","33.5","Arizona",0.260869565217391
"173","-111.5","33.5","Arizona",0.260869565217391
"174","-110.5","33.5","Arizona",0.260869565217391
"175","-109.5","33.5","Arizona",0.260869565217391
"176","-108.5","33.5","New Mexico",0.347826086956522
"177","-107.5","33.5","New Mexico",0.347826086956522
"178","-106.5","33.5","New Mexico",0.347826086956522
"179","-105.5","33.5","New Mexico",0.347826086956522
"180","-104.5","33.5","New Mexico",0.347826086956522
"181","-103.5","33.5","Texas",0.130434782608696
"182","-102.5","33.5","Texas",0.130434782608696
"183","-101.5","33.5","Texas",0.130434782608696
"184","-100.5","33.5","Texas",0.130434782608696
"185","-99.5","33.5","Texas",0.130434782608696
"186","-98.5","33.5","Texas",0.130434782608696
"187","-97.5","33.5","Texas",0.130434782608696
"188","-96.5","33.5","Texas",0.130434782608696
"189","-95.5","33.5","Texas",0.130434782608696
"190","-94.5","33.5","Texas",0.130434782608696
"191","-93.5","33.5","Arkansas",0.0434782608695652
"192","-92.5","33.5","Arkansas",0.0434782608695652
"193","-91.5","33.5","Mississippi",0
"194","-90.5","33.5","Mississippi",0
"195","-89.5","33.5","Mississippi",0
"196","-88.5","33.5","Mississippi",0
"197","-87.5","33.5","Alabama",0.130434782608696
"198","-86.5","33.5","Alabama",0.130434782608696
"199","-85.5","33.5","Georgia",0.130434782608696
"200","-84.5","33.5","Georgia",0.130434782608696
"201","-83.5","33.5","Georgia",0.130434782608696
"202","-82.5","33.5","Georgia",0.130434782608696
"203","-81.5","33.5","Georgia",0.130434782608696
"204","-80.5","33.5","South Carolina",0.217391304347826
"205","-79.5","33.5","South Carolina",0.217391304347826
"206","-78.5","33.5","South Carolina",0.217391304347826
"207","-77.5","33.5","North Carolina",0.173913043478261
"208","-120.5","34.5","California",0.478260869565217
"209","-119.5","34.5","California",0.478260869565217
"210","-118.5","34.5","California",0.478260869565217
"211","-117.5","34.5","California",0.478260869565217
"212","-116.5","34.5","California",0.478260869565217
"213","-115.5","34.5","California",0.478260869565217
"214","-114.5","34.5","California",0.478260869565217
"215","-113.5","34.5","Arizona",0.260869565217391
"216","-112.5","34.5","Arizona",0.260869565217391
"217","-111.5","34.5","Arizona",0.260869565217391
"218","-110.5","34.5","Arizona",0.260869565217391
"219","-109.5","34.5","Arizona",0.260869565217391
"220","-108.5","34.5","New Mexico",0.347826086956522
"221","-107.5","34.5","New Mexico",0.347826086956522
"222","-106.5","34.5","New Mexico",0.347826086956522
"223","-105.5","34.5","New Mexico",0.347826086956522
"224","-104.5","34.5","New Mexico",0.347826086956522
"225","-103.5","34.5","New Mexico",0.347826086956522
"226","-102.5","34.5","Texas",0.130434782608696
"227","-101.5","34.5","Texas",0.130434782608696
"228","-100.5","34.5","Texas",0.130434782608696
"229","-99.5","34.5","Oklahoma",0.0869565217391304
"230","-98.5","34.5","Oklahoma",0.0869565217391304
"231","-97.5","34.5","Oklahoma",0.0869565217391304
"232","-96.5","34.5","Oklahoma",0.0869565217391304
"233","-95.5","34.5","Oklahoma",0.0869565217391304
"234","-94.5","34.5","Oklahoma",0.0869565217391304
"235","-93.5","34.5","Arkansas",0.0434782608695652
"236","-92.5","34.5","Arkansas",0.0434782608695652
"237","-91.5","34.5","Arkansas",0.0434782608695652
"238","-90.5","34.5","Arkansas",0.0434782608695652
"239","-89.5","34.5","Mississippi",0
"240","-88.5","34.5","Mississippi",0
"241","-87.5","34.5","Alabama",0.130434782608696
"242","-86.5","34.5","Alabama",0.130434782608696
"243","-85.5","34.5","Georgia",0.130434782608696
"244","-84.5","34.5","Georgia",0.130434782608696
"245","-83.5","34.5","South Carolina",0.217391304347826
"246","-82.5","34.5","South Carolina",0.217391304347826
"247","-81.5","34.5","South Carolina",0.217391304347826
"248","-80.5","34.5","South Carolina",0.217391304347826
"249","-79.5","34.5","South Carolina",0.217391304347826
"250","-78.5","34.5","South Carolina",0.217391304347826
"251","-77.5","34.5","North Carolina",0.173913043478261
"252","-76.5","34.5","North Carolina",0.173913043478261
"253","-121.5","35.5","California",0.478260869565217
"254","-120.5","35.5","California",0.478260869565217
"255","-119.5","35.5","California",0.478260869565217
"256","-118.5","35.5","California",0.478260869565217
"257","-117.5","35.5","California",0.478260869565217
"258","-116.5","35.5","California",0.478260869565217
"259","-115.5","35.5","California",0.478260869565217
"260","-114.5","35.5","Arizona",0.260869565217391
"261","-113.5","35.5","Arizona",0.260869565217391
"262","-112.5","35.5","Arizona",0.260869565217391
"263","-111.5","35.5","Arizona",0.260869565217391
"264","-110.5","35.5","Arizona",0.260869565217391
"265","-109.5","35.5","New Mexico",0.347826086956522
"266","-108.5","35.5","New Mexico",0.347826086956522
"267","-107.5","35.5","New Mexico",0.347826086956522
"268","-106.5","35.5","New Mexico",0.347826086956522
"269","-105.5","35.5","New Mexico",0.347826086956522
"270","-104.5","35.5","New Mexico",0.347826086956522
"271","-103.5","35.5","New Mexico",0.347826086956522
"272","-102.5","35.5","Texas",0.130434782608696
"273","-101.5","35.5","Texas",0.130434782608696
"274","-100.5","35.5","Texas",0.130434782608696
"275","-99.5","35.5","Oklahoma",0.0869565217391304
"276","-98.5","35.5","Oklahoma",0.0869565217391304
"277","-97.5","35.5","Oklahoma",0.0869565217391304
"278","-96.5","35.5","Oklahoma",0.0869565217391304
"279","-95.5","35.5","Oklahoma",0.0869565217391304
"280","-94.5","35.5","Oklahoma",0.0869565217391304
"281","-93.5","35.5","Arkansas",0.0434782608695652
"282","-92.5","35.5","Arkansas",0.0434782608695652
"283","-91.5","35.5","Arkansas",0.0434782608695652
"284","-90.5","35.5","Tennessee",0.0434782608695652
"285","-89.5","35.5","Arkansas",0.0434782608695652
"286","-88.5","35.5","Tennessee",0.0434782608695652
"287","-87.5","35.5","Tennessee",0.0434782608695652
"288","-86.5","35.5","Tennessee",0.0434782608695652
"289","-85.5","35.5","Tennessee",0.0434782608695652
"290","-84.5","35.5","Tennessee",0.0434782608695652
"291","-83.5","35.5","Tennessee",0.0434782608695652
"292","-82.5","35.5","Tennessee",0.0434782608695652
"293","-81.5","35.5","North Carolina",0.173913043478261
"294","-80.5","35.5","North Carolina",0.173913043478261
"295","-79.5","35.5","North Carolina",0.173913043478261
"296","-78.5","35.5","North Carolina",0.173913043478261
"297","-77.5","35.5","North Carolina",0.173913043478261
"298","-76.5","35.5","North Carolina",0.173913043478261
"299","-75.5","35.5","North Carolina",0.173913043478261
"300","-122.5","36.5","California",0.478260869565217
"301","-121.5","36.5","California",0.478260869565217
"302","-120.5","36.5","California",0.478260869565217
"303","-119.5","36.5","California",0.478260869565217
"304","-118.5","36.5","California",0.478260869565217
"305","-117.5","36.5","California",0.478260869565217
"306","-116.5","36.5","California",0.478260869565217
"307","-115.5","36.5","Nevada",0.0869565217391304
"308","-114.5","36.5","Nevada",0.0869565217391304
"309","-113.5","36.5","Arizona",0.260869565217391
"310","-112.5","36.5","Arizona",0.260869565217391
"311","-111.5","36.5","Arizona",0.260869565217391
"312","-110.5","36.5","Arizona",0.260869565217391
"313","-109.5","36.5","New Mexico",0.347826086956522
"314","-108.5","36.5","New Mexico",0.347826086956522
"315","-107.5","36.5","New Mexico",0.347826086956522
"316","-106.5","36.5","New Mexico",0.347826086956522
"317","-105.5","36.5","New Mexico",0.347826086956522
"318","-104.5","36.5","New Mexico",0.347826086956522
"319","-103.5","36.5","Texas",0.130434782608696
"320","-102.5","36.5","Texas",0.130434782608696
"321","-101.5","36.5","Texas",0.130434782608696
"322","-100.5","36.5","Texas",0.130434782608696
"323","-99.5","36.5","Oklahoma",0.0869565217391304
"324","-98.5","36.5","Oklahoma",0.0869565217391304
"325","-97.5","36.5","Oklahoma",0.0869565217391304
"326","-96.5","36.5","Oklahoma",0.0869565217391304
"327","-95.5","36.5","Oklahoma",0.0869565217391304
"328","-94.5","36.5","Oklahoma",0.0869565217391304
"329","-93.5","36.5","Arkansas",0.0434782608695652
"330","-92.5","36.5","Arkansas",0.0434782608695652
"331","-91.5","36.5","Missouri",0.0869565217391304
"332","-90.5","36.5","Missouri",0.0869565217391304
"333","-89.5","36.5","Tennessee",0.0434782608695652
"334","-88.5","36.5","Tennessee",0.0434782608695652
"335","-87.5","36.5","Tennessee",0.0434782608695652
"336","-86.5","36.5","Tennessee",0.0434782608695652
"337","-85.5","36.5","Kentucky",0
"338","-84.5","36.5","Kentucky",0
"339","-83.5","36.5","Tennessee",0.0434782608695652
"340","-82.5","36.5","Tennessee",0.0434782608695652
"341","-81.5","36.5","North Carolina",0.173913043478261
"342","-80.5","36.5","North Carolina",0.173913043478261
"343","-79.5","36.5","North Carolina",0.173913043478261
"344","-78.5","36.5","North Carolina",0.173913043478261
"345","-77.5","36.5","Virginia",0.521739130434783
"346","-76.5","36.5","Virginia",0.521739130434783
"347","-75.5","36.5","North Carolina",0.173913043478261
"348","-122.5","37.5","California",0.478260869565217
"349","-121.5","37.5","California",0.478260869565217
"350","-120.5","37.5","California",0.478260869565217
"351","-119.5","37.5","California",0.478260869565217
"352","-118.5","37.5","California",0.478260869565217
"353","-117.5","37.5","Nevada",0.0869565217391304
"354","-116.5","37.5","Nevada",0.0869565217391304
"355","-115.5","37.5","Nevada",0.0869565217391304
"356","-114.5","37.5","Nevada",0.0869565217391304
"357","-113.5","37.5","Utah",0.130434782608696
"358","-112.5","37.5","Utah",0.130434782608696
"359","-111.5","37.5","Utah",0.130434782608696
"360","-110.5","37.5","Utah",0.130434782608696
"361","-109.5","37.5","Colorado",0.565217391304348
"362","-108.5","37.5","Colorado",0.565217391304348
"363","-107.5","37.5","Colorado",0.565217391304348
"364","-106.5","37.5","Colorado",0.565217391304348
"365","-105.5","37.5","Colorado",0.565217391304348
"366","-104.5","37.5","Colorado",0.565217391304348
"367","-103.5","37.5","Colorado",0.565217391304348
"368","-102.5","37.5","Colorado",0.565217391304348
"369","-101.5","37.5","Kansas",0.0434782608695652
"370","-100.5","37.5","Kansas",0.0434782608695652
"371","-99.5","37.5","Kansas",0.0434782608695652
"372","-98.5","37.5","Kansas",0.0434782608695652
"373","-97.5","37.5","Kansas",0.0434782608695652
"374","-96.5","37.5","Kansas",0.0434782608695652
"375","-95.5","37.5","Kansas",0.0434782608695652
"376","-94.5","37.5","Missouri",0.0869565217391304
"377","-93.5","37.5","Missouri",0.0869565217391304
"378","-92.5","37.5","Missouri",0.0869565217391304
"379","-91.5","37.5","Missouri",0.0869565217391304
"380","-90.5","37.5","Missouri",0.0869565217391304
"381","-89.5","37.5","Kentucky",0
"382","-88.5","37.5","Kentucky",0
"383","-87.5","37.5","Indiana",0.0434782608695652
"384","-86.5","37.5","Indiana",0.0434782608695652
"385","-85.5","37.5","Kentucky",0
"386","-84.5","37.5","Kentucky",0
"387","-83.5","37.5","Kentucky",0
"388","-82.5","37.5","Kentucky",0
"389","-81.5","37.5","West Virginia",0
"390","-80.5","37.5","West Virginia",0
"391","-79.5","37.5","Virginia",0.521739130434783
"392","-78.5","37.5","Virginia",0.521739130434783
"393","-77.5","37.5","Virginia",0.521739130434783
"394","-76.5","37.5","Virginia",0.521739130434783
"395","-75.5","37.5","Virginia",0.521739130434783
"396","-123.5","38.5","California",0.478260869565217
"397","-122.5","38.5","California",0.478260869565217
"398","-121.5","38.5","California",0.478260869565217
"399","-120.5","38.5","California",0.478260869565217
"400","-119.5","38.5","Nevada",0.0869565217391304
"401","-118.5","38.5","Nevada",0.0869565217391304
"402","-117.5","38.5","Nevada",0.0869565217391304
"403","-116.5","38.5","Nevada",0.0869565217391304
"404","-115.5","38.5","Nevada",0.0869565217391304
"405","-114.5","38.5","Nevada",0.0869565217391304
"406","-113.5","38.5","Utah",0.130434782608696
"407","-112.5","38.5","Utah",0.130434782608696
"408","-111.5","38.5","Utah",0.130434782608696
"409","-110.5","38.5","Utah",0.130434782608696
"410","-109.5","38.5","Utah",0.130434782608696
"411","-108.5","38.5","Colorado",0.565217391304348
"412","-107.5","38.5","Colorado",0.565217391304348
"413","-106.5","38.5","Colorado",0.565217391304348
"414","-105.5","38.5","Colorado",0.565217391304348
"415","-104.5","38.5","Colorado",0.565217391304348
"416","-103.5","38.5","Colorado",0.565217391304348
"417","-102.5","38.5","Colorado",0.565217391304348
"418","-101.5","38.5","Kansas",0.0434782608695652
"419","-100.5","38.5","Kansas",0.0434782608695652
"420","-99.5","38.5","Kansas",0.0434782608695652
"421","-98.5","38.5","Kansas",0.0434782608695652
"422","-97.5","38.5","Kansas",0.0434782608695652
"423","-96.5","38.5","Kansas",0.0434782608695652
"424","-95.5","38.5","Kansas",0.0434782608695652
"425","-94.5","38.5","Kansas",0.0434782608695652
"426","-93.5","38.5","Missouri",0.0869565217391304
"427","-92.5","38.5","Missouri",0.0869565217391304
"428","-91.5","38.5","Missouri",0.0869565217391304
"429","-90.5","38.5","Missouri",0.0869565217391304
"430","-89.5","38.5","Illinois",0.130434782608696
"431","-88.5","38.5","Illinois",0.130434782608696
"432","-87.5","38.5","Indiana",0.0434782608695652
"433","-86.5","38.5","Indiana",0.0434782608695652
"434","-85.5","38.5","Kentucky",0
"435","-84.5","38.5","Kentucky",0
"436","-83.5","38.5","Ohio",0.130434782608696
"437","-82.5","38.5","West Virginia",0
"438","-81.5","38.5","West Virginia",0
"439","-80.5","38.5","West Virginia",0
"440","-79.5","38.5","Virginia",0.521739130434783
"441","-78.5","38.5","Virginia",0.521739130434783
"442","-77.5","38.5","Maryland",0.826086956521739
"443","-76.5","38.5","Maryland",0.826086956521739
"444","-75.5","38.5","Maryland",0.826086956521739
"445","-74.5","38.5","Maryland",0.826086956521739
"446","-123.5","39.5","California",0.478260869565217
"447","-122.5","39.5","California",0.478260869565217
"448","-121.5","39.5","California",0.478260869565217
"449","-120.5","39.5","California",0.478260869565217
"450","-119.5","39.5","Nevada",0.0869565217391304
"451","-118.5","39.5","Nevada",0.0869565217391304
"452","-117.5","39.5","Nevada",0.0869565217391304
"453","-116.5","39.5","Nevada",0.0869565217391304
"454","-115.5","39.5","Nevada",0.0869565217391304
"455","-114.5","39.5","Nevada",0.0869565217391304
"456","-113.5","39.5","Utah",0.130434782608696
"457","-112.5","39.5","Utah",0.130434782608696
"458","-111.5","39.5","Utah",0.130434782608696
"459","-110.5","39.5","Utah",0.130434782608696
"460","-109.5","39.5","Colorado",0.565217391304348
"461","-108.5","39.5","Colorado",0.565217391304348
"462","-107.5","39.5","Colorado",0.565217391304348
"463","-106.5","39.5","Colorado",0.565217391304348
"464","-105.5","39.5","Colorado",0.565217391304348
"465","-104.5","39.5","Colorado",0.565217391304348
"466","-103.5","39.5","Colorado",0.565217391304348
"467","-102.5","39.5","Colorado",0.565217391304348
"468","-101.5","39.5","Kansas",0.0434782608695652
"469","-100.5","39.5","Kansas",0.0434782608695652
"470","-99.5","39.5","Kansas",0.0434782608695652
"471","-98.5","39.5","Kansas",0.0434782608695652
"472","-97.5","39.5","Kansas",0.0434782608695652
"473","-96.5","39.5","Kansas",0.0434782608695652
"474","-95.5","39.5","Missouri",0.0869565217391304
"475","-94.5","39.5","Missouri",0.0869565217391304
"476","-93.5","39.5","Missouri",0.0869565217391304
"477","-92.5","39.5","Missouri",0.0869565217391304
"478","-91.5","39.5","Illinois",0.130434782608696
"479","-90.5","39.5","Illinois",0.130434782608696
"480","-89.5","39.5","Illinois",0.130434782608696
"481","-88.5","39.5","Illinois",0.130434782608696
"482","-87.5","39.5","Indiana",0.0434782608695652
"483","-86.5","39.5","Indiana",0.0434782608695652
"484","-85.5","39.5","Indiana",0.0434782608695652
"485","-84.5","39.5","Ohio",0.130434782608696
"486","-83.5","39.5","Ohio",0.130434782608696
"487","-82.5","39.5","Ohio",0.130434782608696
"488","-81.5","39.5","West Virginia",0
"489","-80.5","39.5","West Virginia",0
"490","-79.5","39.5","Maryland",0.826086956521739
"491","-78.5","39.5","Maryland",0.826086956521739
"492","-77.5","39.5","Maryland",0.826086956521739
"493","-76.5","39.5","Maryland",0.826086956521739
"494","-75.5","39.5","Delaware",0.304347826086957
"495","-74.5","39.5","Delaware",0.304347826086957
"496","-124.5","40.5","California",0.478260869565217
"497","-123.5","40.5","California",0.478260869565217
"498","-122.5","40.5","California",0.478260869565217
"499","-121.5","40.5","California",0.478260869565217
"500","-120.5","40.5","California",0.478260869565217
"501","-119.5","40.5","Nevada",0.0869565217391304
"502","-118.5","40.5","Nevada",0.0869565217391304
"503","-117.5","40.5","Nevada",0.0869565217391304
"504","-116.5","40.5","Nevada",0.0869565217391304
"505","-115.5","40.5","Nevada",0.0869565217391304
"506","-114.5","40.5","Nevada",0.0869565217391304
"507","-113.5","40.5","Utah",0.130434782608696
"508","-112.5","40.5","Utah",0.130434782608696
"509","-111.5","40.5","Utah",0.130434782608696
"510","-110.5","40.5","Utah",0.130434782608696
"511","-109.5","40.5","Utah",0.130434782608696
"512","-108.5","40.5","Colorado",0.565217391304348
"513","-107.5","40.5","Colorado",0.565217391304348
"514","-106.5","40.5","Colorado",0.565217391304348
"515","-105.5","40.5","Colorado",0.565217391304348
"516","-104.5","40.5","Colorado",0.565217391304348
"517","-103.5","40.5","Colorado",0.565217391304348
"518","-102.5","40.5","Colorado",0.565217391304348
"519","-101.5","40.5","Nebraska",0.130434782608696
"520","-100.5","40.5","Nebraska",0.130434782608696
"521","-99.5","40.5","Nebraska",0.130434782608696
"522","-98.5","40.5","Nebraska",0.130434782608696
"523","-97.5","40.5","Nebraska",0.130434782608696
"524","-96.5","40.5","Nebraska",0.130434782608696
"525","-95.5","40.5","Missouri",0.0869565217391304
"526","-94.5","40.5","Missouri",0.0869565217391304
"527","-93.5","40.5","Iowa",0.260869565217391
"528","-92.5","40.5","Iowa",0.260869565217391
"529","-91.5","40.5","Iowa",0.260869565217391
"530","-90.5","40.5","Iowa",0.260869565217391
"531","-89.5","40.5","Illinois",0.130434782608696
"532","-88.5","40.5","Illinois",0.130434782608696
"533","-87.5","40.5","Illinois",0.130434782608696
"534","-86.5","40.5","Indiana",0.0434782608695652
"535","-85.5","40.5","Indiana",0.0434782608695652
"536","-84.5","40.5","Indiana",0.0434782608695652
"537","-83.5","40.5","Ohio",0.130434782608696
"538","-82.5","40.5","Ohio",0.130434782608696
"539","-81.5","40.5","Ohio",0.130434782608696
"540","-80.5","40.5","Ohio",0.130434782608696
"541","-79.5","40.5","Pennsylvania",0.217391304347826
"542","-78.5","40.5","Pennsylvania",0.217391304347826
"543","-77.5","40.5","Pennsylvania",0.217391304347826
"544","-76.5","40.5","Pennsylvania",0.217391304347826
"545","-75.5","40.5","New Jersey",0.478260869565217
"546","-74.5","40.5","New Jersey",0.478260869565217
"547","-73.5","40.5","New York",1
"548","-72.5","40.5","New York",1
"549","-124.5","41.5","California",0.478260869565217
"550","-123.5","41.5","California",0.478260869565217
"551","-122.5","41.5","California",0.478260869565217
"552","-121.5","41.5","California",0.478260869565217
"553","-120.5","41.5","California",0.478260869565217
"554","-119.5","41.5","Nevada",0.0869565217391304
"555","-118.5","41.5","Nevada",0.0869565217391304
"556","-117.5","41.5","Nevada",0.0869565217391304
"557","-116.5","41.5","Nevada",0.0869565217391304
"558","-115.5","41.5","Nevada",0.0869565217391304
"559","-114.5","41.5","Nevada",0.0869565217391304
"560","-113.5","41.5","Utah",0.130434782608696
"561","-112.5","41.5","Utah",0.130434782608696
"562","-111.5","41.5","Utah",0.130434782608696
"563","-110.5","41.5","Wyoming",0.0434782608695652
"564","-109.5","41.5","Wyoming",0.0434782608695652
"565","-108.5","41.5","Wyoming",0.0434782608695652
"566","-107.5","41.5","Wyoming",0.0434782608695652
"567","-106.5","41.5","Wyoming",0.0434782608695652
"568","-105.5","41.5","Wyoming",0.0434782608695652
"569","-104.5","41.5","Wyoming",0.0434782608695652
"570","-103.5","41.5","Nebraska",0.130434782608696
"571","-102.5","41.5","Nebraska",0.130434782608696
"572","-101.5","41.5","Nebraska",0.130434782608696
"573","-100.5","41.5","Nebraska",0.130434782608696
"574","-99.5","41.5","Nebraska",0.130434782608696
"575","-98.5","41.5","Nebraska",0.130434782608696
"576","-97.5","41.5","Nebraska",0.130434782608696
"577","-96.5","41.5","Nebraska",0.130434782608696
"578","-95.5","41.5","Nebraska",0.130434782608696
"579","-94.5","41.5","Iowa",0.260869565217391
"580","-93.5","41.5","Iowa",0.260869565217391
"581","-92.5","41.5","Iowa",0.260869565217391
"582","-91.5","41.5","Iowa",0.260869565217391
"583","-90.5","41.5","Iowa",0.260869565217391
"584","-89.5","41.5","Illinois",0.130434782608696
"585","-88.5","41.5","Illinois",0.130434782608696
"586","-87.5","41.5","Illinois",0.130434782608696
"587","-86.5","41.5","Indiana",0.0434782608695652
"588","-85.5","41.5","Indiana",0.0434782608695652
"589","-84.5","41.5","Indiana",0.0434782608695652
"590","-83.5","41.5","Ohio",0.130434782608696
"591","-82.5","41.5","Ohio",0.130434782608696
"592","-81.5","41.5","Ohio",0.130434782608696
"593","-80.5","41.5","Ohio",0.130434782608696
"594","-79.5","41.5","Pennsylvania",0.217391304347826
"595","-78.5","41.5","Pennsylvania",0.217391304347826
"596","-77.5","41.5","Pennsylvania",0.217391304347826
"597","-76.5","41.5","Pennsylvania",0.217391304347826
"598","-75.5","41.5","Pennsylvania",0.217391304347826
"599","-74.5","41.5","Pennsylvania",0.217391304347826
"600","-73.5","41.5","Connecticut",0.695652173913043
"601","-72.5","41.5","Connecticut",0.695652173913043
"602","-71.5","41.5","Rhode Island",0.347826086956522
"603","-70.5","41.5","Massachusetts",0.478260869565217
"604","-69.5","41.5","Massachusetts",0.478260869565217
"605","-124.5","42.5","Oregon",0.608695652173913
"606","-123.5","42.5","Oregon",0.608695652173913
"607","-122.5","42.5","Oregon",0.608695652173913
"608","-121.5","42.5","Oregon",0.608695652173913
"609","-120.5","42.5","Oregon",0.608695652173913
"610","-119.5","42.5","Oregon",0.608695652173913
"611","-118.5","42.5","Oregon",0.608695652173913
"612","-117.5","42.5","Oregon",0.608695652173913
"613","-116.5","42.5","Idaho",0.130434782608696
"614","-115.5","42.5","Idaho",0.130434782608696
"615","-114.5","42.5","Idaho",0.130434782608696
"616","-113.5","42.5","Idaho",0.130434782608696
"617","-112.5","42.5","Idaho",0.130434782608696
"618","-111.5","42.5","Idaho",0.130434782608696
"619","-110.5","42.5","Wyoming",0.0434782608695652
"620","-109.5","42.5","Wyoming",0.0434782608695652
"621","-108.5","42.5","Wyoming",0.0434782608695652
"622","-107.5","42.5","Wyoming",0.0434782608695652
"623","-106.5","42.5","Wyoming",0.0434782608695652
"624","-105.5","42.5","Wyoming",0.0434782608695652
"625","-104.5","42.5","Wyoming",0.0434782608695652
"626","-103.5","42.5","Nebraska",0.130434782608696
"627","-102.5","42.5","Nebraska",0.130434782608696
"628","-101.5","42.5","Nebraska",0.130434782608696
"629","-100.5","42.5","Nebraska",0.130434782608696
"630","-99.5","42.5","Nebraska",0.130434782608696
"631","-98.5","42.5","Nebraska",0.130434782608696
"632","-97.5","42.5","Nebraska",0.130434782608696
"633","-96.5","42.5","Iowa",0.260869565217391
"634","-95.5","42.5","Iowa",0.260869565217391
"635","-94.5","42.5","Iowa",0.260869565217391
"636","-93.5","42.5","Iowa",0.260869565217391
"637","-92.5","42.5","Iowa",0.260869565217391
"638","-91.5","42.5","Iowa",0.260869565217391
"639","-90.5","42.5","Iowa",0.260869565217391
"640","-89.5","42.5","Illinois",0.130434782608696
"641","-88.5","42.5","Illinois",0.130434782608696
"642","-87.5","42.5","Wisconsin",0.347826086956522
"643","-86.5","42.5","Michigan",0
"644","-85.5","42.5","Michigan",0
"645","-84.5","42.5","Michigan",0
"646","-83.5","42.5","Michigan",0
"647","-82.5","42.5","Michigan",0
"648","-81.5","42.5","Pennsylvania",0.217391304347826
"649","-80.5","42.5","Pennsylvania",0.217391304347826
"650","-79.5","42.5","New York",1
"651","-78.5","42.5","New York",1
"652","-77.5","42.5","New York",1
"653","-76.5","42.5","New York",1
"654","-75.5","42.5","New York",1
"655","-74.5","42.5","New York",1
"656","-73.5","42.5","New York",1
"657","-72.5","42.5","Massachusetts",0.478260869565217
"658","-71.5","42.5","Massachusetts",0.478260869565217
"659","-70.5","42.5","Massachusetts",0.478260869565217
"660","-124.5","43.5","Oregon",0.608695652173913
"661","-123.5","43.5","Oregon",0.608695652173913
"662","-122.5","43.5","Oregon",0.608695652173913
"663","-121.5","43.5","Oregon",0.608695652173913
"664","-120.5","43.5","Oregon",0.608695652173913
"665","-119.5","43.5","Oregon",0.608695652173913
"666","-118.5","43.5","Oregon",0.608695652173913
"667","-117.5","43.5","Idaho",0.130434782608696
"668","-116.5","43.5","Idaho",0.130434782608696
"669","-115.5","43.5","Idaho",0.130434782608696
"670","-114.5","43.5","Idaho",0.130434782608696
"671","-113.5","43.5","Idaho",0.130434782608696
"672","-112.5","43.5","Idaho",0.130434782608696
"673","-111.5","43.5","Idaho",0.130434782608696
"674","-110.5","43.5","Wyoming",0.0434782608695652
"675","-109.5","43.5","Wyoming",0.0434782608695652
"676","-108.5","43.5","Wyoming",0.0434782608695652
"677","-107.5","43.5","Wyoming",0.0434782608695652
"678","-106.5","43.5","Wyoming",0.0434782608695652
"679","-105.5","43.5","Wyoming",0.0434782608695652
"680","-104.5","43.5","Wyoming",0.0434782608695652
"681","-103.5","43.5","South Dakota",0.0434782608695652
"682","-102.5","43.5","South Dakota",0.0434782608695652
"683","-101.5","43.5","South Dakota",0.0434782608695652
"684","-100.5","43.5","South Dakota",0.0434782608695652
"685","-99.5","43.5","South Dakota",0.0434782608695652
"686","-98.5","43.5","South Dakota",0.0434782608695652
"687","-97.5","43.5","South Dakota",0.0434782608695652
"688","-96.5","43.5","South Dakota",0.0434782608695652
"689","-95.5","43.5","Minnesota",0.260869565217391
"690","-94.5","43.5","Minnesota",0.260869565217391
"691","-93.5","43.5","Iowa",0.260869565217391
"692","-92.5","43.5","Iowa",0.260869565217391
"693","-91.5","43.5","Wisconsin",0.347826086956522
"694","-90.5","43.5","Wisconsin",0.347826086956522
"695","-89.5","43.5","Wisconsin",0.347826086956522
"696","-88.5","43.5","Wisconsin",0.347826086956522
"697","-87.5","43.5","Wisconsin",0.347826086956522
"698","-86.5","43.5","Michigan",0
"699","-85.5","43.5","Michigan",0
"700","-84.5","43.5","Michigan",0
"701","-83.5","43.5","Michigan",0
"702","-82.5","43.5","Michigan",0
"703","-79.5","43.5","New York",1
"704","-78.5","43.5","New York",1
"705","-77.5","43.5","New York",1
"706","-76.5","43.5","New York",1
"707","-75.5","43.5","New York",1
"708","-74.5","43.5","New York",1
"709","-73.5","43.5","New York",1
"710","-72.5","43.5","Vermont",0.521739130434783
"711","-71.5","43.5","New Hampshire",0.304347826086957
"712","-70.5","43.5","Maine",0.304347826086957
"713","-69.5","43.5","Maine",0.304347826086957
"714","-124.5","44.5","Oregon",0.608695652173913
"715","-123.5","44.5","Oregon",0.608695652173913
"716","-122.5","44.5","Oregon",0.608695652173913
"717","-121.5","44.5","Oregon",0.608695652173913
"718","-120.5","44.5","Oregon",0.608695652173913
"719","-119.5","44.5","Oregon",0.608695652173913
"720","-118.5","44.5","Oregon",0.608695652173913
"721","-117.5","44.5","Oregon",0.608695652173913
"722","-116.5","44.5","Oregon",0.608695652173913
"723","-115.5","44.5","Idaho",0.130434782608696
"724","-114.5","44.5","Idaho",0.130434782608696
"725","-113.5","44.5","Idaho",0.130434782608696
"726","-112.5","44.5","Idaho",0.130434782608696
"727","-111.5","44.5","Idaho",0.130434782608696
"728","-110.5","44.5","Wyoming",0.0434782608695652
"729","-109.5","44.5","Wyoming",0.0434782608695652
"730","-108.5","44.5","Wyoming",0.0434782608695652
"731","-107.5","44.5","Wyoming",0.0434782608695652
"732","-106.5","44.5","Wyoming",0.0434782608695652
"733","-105.5","44.5","Wyoming",0.0434782608695652
"734","-104.5","44.5","Wyoming",0.0434782608695652
"735","-103.5","44.5","South Dakota",0.0434782608695652
"736","-102.5","44.5","South Dakota",0.0434782608695652
"737","-101.5","44.5","South Dakota",0.0434782608695652
"738","-100.5","44.5","South Dakota",0.0434782608695652
"739","-99.5","44.5","South Dakota",0.0434782608695652
"740","-98.5","44.5","South Dakota",0.0434782608695652
"741","-97.5","44.5","South Dakota",0.0434782608695652
"742","-96.5","44.5","South Dakota",0.0434782608695652
"743","-95.5","44.5","Minnesota",0.260869565217391
"744","-94.5","44.5","Minnesota",0.260869565217391
"745","-93.5","44.5","Minnesota",0.260869565217391
"746","-92.5","44.5","Minnesota",0.260869565217391
"747","-91.5","44.5","Wisconsin",0.347826086956522
"748","-90.5","44.5","Wisconsin",0.347826086956522
"749","-89.5","44.5","Wisconsin",0.347826086956522
"750","-88.5","44.5","Wisconsin",0.347826086956522
"751","-87.5","44.5","Wisconsin",0.347826086956522
"752","-86.5","44.5","Michigan",0
"753","-85.5","44.5","Michigan",0
"754","-84.5","44.5","Michigan",0
"755","-83.5","44.5","Michigan",0
"756","-82.5","44.5","Michigan",0
"757","-76.5","44.5","New York",1
"758","-75.5","44.5","New York",1
"759","-74.5","44.5","New York",1
"760","-73.5","44.5","New York",1
"761","-72.5","44.5","Vermont",0.521739130434783
"762","-71.5","44.5","Maine",0.304347826086957
"763","-70.5","44.5","Maine",0.304347826086957
"764","-69.5","44.5","Maine",0.304347826086957
"765","-68.5","44.5","Maine",0.304347826086957
"766","-67.5","44.5","Maine",0.304347826086957
"767","-66.5","44.5","Maine",0.304347826086957
"768","-123.5","45.5","Oregon",0.608695652173913
"769","-122.5","45.5","Washington",0.217391304347826
"770","-121.5","45.5","Oregon",0.608695652173913
"771","-120.5","45.5","Oregon",0.608695652173913
"772","-119.5","45.5","Oregon",0.608695652173913
"773","-118.5","45.5","Oregon",0.608695652173913
"774","-117.5","45.5","Oregon",0.608695652173913
"775","-116.5","45.5","Idaho",0.130434782608696
"776","-115.5","45.5","Idaho",0.130434782608696
"777","-114.5","45.5","Idaho",0.130434782608696
"778","-113.5","45.5","Montana",0.173913043478261
"779","-112.5","45.5","Montana",0.173913043478261
"780","-111.5","45.5","Montana",0.173913043478261
"781","-110.5","45.5","Montana",0.173913043478261
"782","-109.5","45.5","Montana",0.173913043478261
"783","-108.5","45.5","Montana",0.173913043478261
"784","-107.5","45.5","Montana",0.173913043478261
"785","-106.5","45.5","Montana",0.173913043478261
"786","-105.5","45.5","Montana",0.173913043478261
"787","-104.5","45.5","Montana",0.173913043478261
"788","-103.5","45.5","South Dakota",0.0434782608695652
"789","-102.5","45.5","South Dakota",0.0434782608695652
"790","-101.5","45.5","South Dakota",0.0434782608695652
"791","-100.5","45.5","South Dakota",0.0434782608695652
"792","-99.5","45.5","South Dakota",0.0434782608695652
"793","-98.5","45.5","South Dakota",0.0434782608695652
"794","-97.5","45.5","South Dakota",0.0434782608695652
"795","-96.5","45.5","South Dakota",0.0434782608695652
"796","-95.5","45.5","Minnesota",0.260869565217391
"797","-94.5","45.5","Minnesota",0.260869565217391
"798","-93.5","45.5","Minnesota",0.260869565217391
"799","-92.5","45.5","Minnesota",0.260869565217391
"800","-91.5","45.5","Wisconsin",0.347826086956522
"801","-90.5","45.5","Wisconsin",0.347826086956522
"802","-89.5","45.5","Wisconsin",0.347826086956522
"803","-88.5","45.5","Michigan",0
"804","-87.5","45.5","Michigan",0
"805","-86.5","45.5","Michigan",0
"806","-85.5","45.5","Michigan",0
"807","-84.5","45.5","Michigan",0
"808","-83.5","45.5","Michigan",0
"809","-82.5","45.5","Michigan",0
"810","-71.5","45.5","Maine",0.304347826086957
"811","-70.5","45.5","Maine",0.304347826086957
"812","-69.5","45.5","Maine",0.304347826086957
"813","-68.5","45.5","Maine",0.304347826086957
"814","-67.5","45.5","Maine",0.304347826086957
"815","-124.5","46.5","Washington",0.217391304347826
"816","-123.5","46.5","Washington",0.217391304347826
"817","-122.5","46.5","Washington",0.217391304347826
"818","-121.5","46.5","Washington",0.217391304347826
"819","-120.5","46.5","Washington",0.217391304347826
"820","-119.5","46.5","Washington",0.217391304347826
"821","-118.5","46.5","Washington",0.217391304347826
"822","-117.5","46.5","Washington",0.217391304347826
"823","-116.5","46.5","Washington",0.217391304347826
"824","-115.5","46.5","Montana",0.173913043478261
"825","-114.5","46.5","Montana",0.173913043478261
"826","-113.5","46.5","Montana",0.173913043478261
"827","-112.5","46.5","Montana",0.173913043478261
"828","-111.5","46.5","Montana",0.173913043478261
"829","-110.5","46.5","Montana",0.173913043478261
"830","-109.5","46.5","Montana",0.173913043478261
"831","-108.5","46.5","Montana",0.173913043478261
"832","-107.5","46.5","Montana",0.173913043478261
"833","-106.5","46.5","Montana",0.173913043478261
"834","-105.5","46.5","Montana",0.173913043478261
"835","-104.5","46.5","Montana",0.173913043478261
"836","-103.5","46.5","North Dakota",0.0434782608695652
"837","-102.5","46.5","North Dakota",0.0434782608695652
"838","-101.5","46.5","North Dakota",0.0434782608695652
"839","-100.5","46.5","North Dakota",0.0434782608695652
"840","-99.5","46.5","North Dakota",0.0434782608695652
"841","-98.5","46.5","North Dakota",0.0434782608695652
"842","-97.5","46.5","North Dakota",0.0434782608695652
"843","-96.5","46.5","North Dakota",0.0434782608695652
"844","-95.5","46.5","Minnesota",0.260869565217391
"845","-94.5","46.5","Minnesota",0.260869565217391
"846","-93.5","46.5","Minnesota",0.260869565217391
"847","-92.5","46.5","Minnesota",0.260869565217391
"848","-91.5","46.5","Wisconsin",0.347826086956522
"849","-90.5","46.5","Wisconsin",0.347826086956522
"850","-89.5","46.5","Michigan",0
"851","-88.5","46.5","Michigan",0
"852","-87.5","46.5","Michigan",0
"853","-86.5","46.5","Michigan",0
"854","-85.5","46.5","Michigan",0
"855","-84.5","46.5","Michigan",0
"856","-83.5","46.5","Michigan",0
"857","-70.5","46.5","Maine",0.304347826086957
"858","-69.5","46.5","Maine",0.304347826086957
"859","-68.5","46.5","Maine",0.304347826086957
"860","-67.5","46.5","Maine",0.304347826086957
"861","-124.5","47.5","Washington",0.217391304347826
"862","-123.5","47.5","Washington",0.217391304347826
"863","-122.5","47.5","Washington",0.217391304347826
"864","-121.5","47.5","Washington",0.217391304347826
"865","-120.5","47.5","Washington",0.217391304347826
"866","-119.5","47.5","Washington",0.217391304347826
"867","-118.5","47.5","Washington",0.217391304347826
"868","-117.5","47.5","Washington",0.217391304347826
"869","-116.5","47.5","Idaho",0.130434782608696
"870","-115.5","47.5","Idaho",0.130434782608696
"871","-114.5","47.5","Montana",0.173913043478261
"872","-113.5","47.5","Montana",0.173913043478261
"873","-112.5","47.5","Montana",0.173913043478261
"874","-111.5","47.5","Montana",0.173913043478261
"875","-110.5","47.5","Montana",0.173913043478261
"876","-109.5","47.5","Montana",0.173913043478261
"877","-108.5","47.5","Montana",0.173913043478261
"878","-107.5","47.5","Montana",0.173913043478261
"879","-106.5","47.5","Montana",0.173913043478261
"880","-105.5","47.5","Montana",0.173913043478261
"881","-104.5","47.5","Montana",0.173913043478261
"882","-103.5","47.5","North Dakota",0.0434782608695652
"883","-102.5","47.5","North Dakota",0.0434782608695652
"884","-101.5","47.5","North Dakota",0.0434782608695652
"885","-100.5","47.5","North Dakota",0.0434782608695652
"886","-99.5","47.5","North Dakota",0.0434782608695652
"887","-98.5","47.5","North Dakota",0.0434782608695652
"888","-97.5","47.5","North Dakota",0.0434782608695652
"889","-96.5","47.5","North Dakota",0.0434782608695652
"890","-95.5","47.5","Minnesota",0.260869565217391
"891","-94.5","47.5","Minnesota",0.260869565217391
"892","-93.5","47.5","Minnesota",0.260869565217391
"893","-92.5","47.5","Minnesota",0.260869565217391
"894","-91.5","47.5","Minnesota",0.260869565217391
"895","-90.5","47.5","Minnesota",0.260869565217391
"896","-89.5","47.5","Michigan",0
"897","-88.5","47.5","Michigan",0
"898","-87.5","47.5","Michigan",0
"899","-86.5","47.5","Michigan",0
"900","-69.5","47.5","Maine",0.304347826086957
"901","-68.5","47.5","Maine",0.304347826086957
"902","-67.5","47.5","Maine",0.304347826086957
"903","-124.5","48.5","Washington",0.217391304347826
"904","-123.5","48.5","Washington",0.217391304347826
"905","-122.5","48.5","Washington",0.217391304347826
"906","-121.5","48.5","Washington",0.217391304347826
"907","-120.5","48.5","Washington",0.217391304347826
"908","-119.5","48.5","Washington",0.217391304347826
"909","-118.5","48.5","Washington",0.217391304347826
"910","-117.5","48.5","Idaho",0.130434782608696
"911","-116.5","48.5","Idaho",0.130434782608696
"912","-115.5","48.5","Montana",0.173913043478261
"913","-114.5","48.5","Montana",0.173913043478261
"914","-113.5","48.5","Montana",0.173913043478261
"915","-112.5","48.5","Montana",0.173913043478261
"916","-111.5","48.5","Montana",0.173913043478261
"917","-110.5","48.5","Montana",0.173913043478261
"918","-109.5","48.5","Montana",0.173913043478261
"919","-108.5","48.5","Montana",0.173913043478261
"920","-107.5","48.5","Montana",0.173913043478261
"921","-106.5","48.5","Montana",0.173913043478261
"922","-105.5","48.5","Montana",0.173913043478261
"923","-104.5","48.5","Montana",0.173913043478261
"924","-103.5","48.5","North Dakota",0.0434782608695652
"925","-102.5","48.5","North Dakota",0.0434782608695652
"926","-101.5","48.5","North Dakota",0.0434782608695652
"927","-100.5","48.5","North Dakota",0.0434782608695652
"928","-99.5","48.5","North Dakota",0.0434782608695652
"929","-98.5","48.5","North Dakota",0.0434782608695652
"930","-97.5","48.5","Minnesota",0.260869565217391
"931","-96.5","48.5","Minnesota",0.260869565217391
"932","-95.5","48.5","Minnesota",0.260869565217391
"933","-94.5","48.5","Minnesota",0.260869565217391
"934","-93.5","48.5","Minnesota",0.260869565217391
"935","-92.5","48.5","Minnesota",0.260869565217391
"936","-91.5","48.5","Minnesota",0.260869565217391
"937","-90.5","48.5","Minnesota",0.260869565217391
"938","-89.5","48.5","Michigan",0
"939","-88.5","48.5","Michigan",0
"940","-95.5","49.5","Minnesota",0.260869565217391
"941","-94.5","49.5","Minnesota",0.260869565217391
"942","-178.5","51.5","Alaska",0.260869565217391
"943","-177.5","51.5","Alaska",0.260869565217391
"944","-176.5","51.5","Alaska",0.260869565217391
"945","-175.5","51.5","Alaska",0.260869565217391
"946","177.5","51.5","Alaska",0.260869565217391
"947","178.5","51.5","Alaska",0.260869565217391
"948","179.5","51.5","Alaska",0.260869565217391
"949","-176.5","52.5","Alaska",0.260869565217391
"950","-175.5","52.5","Alaska",0.260869565217391
"951","-174.5","52.5","Alaska",0.260869565217391
"952","-173.5","52.5","Alaska",0.260869565217391
"953","-172.5","52.5","Alaska",0.260869565217391
"954","-170.5","52.5","Alaska",0.260869565217391
"955","-169.5","52.5","Alaska",0.260869565217391
"956","-168.5","52.5","Alaska",0.260869565217391
"957","172.5","52.5","Alaska",0.260869565217391
"958","173.5","52.5","Alaska",0.260869565217391
"959","177.5","52.5","Alaska",0.260869565217391
"960","179.5","52.5","Alaska",0.260869565217391
"961","-168.5","53.5","Alaska",0.260869565217391
"962","-167.5","53.5","Alaska",0.260869565217391
"963","-166.5","53.5","Alaska",0.260869565217391
"964","172.5","53.5","Alaska",0.260869565217391
"965","-166.5","54.5","Alaska",0.260869565217391
"966","-165.5","54.5","Alaska",0.260869565217391
"967","-164.5","54.5","Alaska",0.260869565217391
"968","-163.5","54.5","Alaska",0.260869565217391
"969","-162.5","54.5","Alaska",0.260869565217391
"970","-160.5","54.5","Alaska",0.260869565217391
"971","-159.5","54.5","Alaska",0.260869565217391
"972","-133.5","54.5","Alaska",0.260869565217391
"973","-132.5","54.5","Alaska",0.260869565217391
"974","-131.5","54.5","Alaska",0.260869565217391
"975","-130.5","54.5","Alaska",0.260869565217391
"976","-163.5","55.5","Alaska",0.260869565217391
"977","-162.5","55.5","Alaska",0.260869565217391
"978","-161.5","55.5","Alaska",0.260869565217391
"979","-160.5","55.5","Alaska",0.260869565217391
"980","-159.5","55.5","Alaska",0.260869565217391
"981","-158.5","55.5","Alaska",0.260869565217391
"982","-155.5","55.5","Alaska",0.260869565217391
"983","-134.5","55.5","Alaska",0.260869565217391
"984","-133.5","55.5","Alaska",0.260869565217391
"985","-132.5","55.5","Alaska",0.260869565217391
"986","-131.5","55.5","Alaska",0.260869565217391
"987","-130.5","55.5","Alaska",0.260869565217391
"988","-129.5","55.5","Alaska",0.260869565217391
"989","-169.5","56.5","Alaska",0.260869565217391
"990","-160.5","56.5","Alaska",0.260869565217391
"991","-159.5","56.5","Alaska",0.260869565217391
"992","-158.5","56.5","Alaska",0.260869565217391
"993","-157.5","56.5","Alaska",0.260869565217391
"994","-156.5","56.5","Alaska",0.260869565217391
"995","-154.5","56.5","Alaska",0.260869565217391
"996","-153.5","56.5","Alaska",0.260869565217391
"997","-135.5","56.5","Alaska",0.260869565217391
"998","-134.5","56.5","Alaska",0.260869565217391
"999","-133.5","56.5","Alaska",0.260869565217391
"1000","-132.5","56.5","Alaska",0.260869565217391
"1001","-131.5","56.5","Alaska",0.260869565217391
"1002","-130.5","56.5","Alaska",0.260869565217391
"1003","-170.5","57.5","Alaska",0.260869565217391
"1004","-158.5","57.5","Alaska",0.260869565217391
"1005","-157.5","57.5","Alaska",0.260869565217391
"1006","-156.5","57.5","Alaska",0.260869565217391
"1007","-155.5","57.5","Alaska",0.260869565217391
"1008","-154.5","57.5","Alaska",0.260869565217391
"1009","-153.5","57.5","Alaska",0.260869565217391
"1010","-152.5","57.5","Alaska",0.260869565217391
"1011","-136.5","57.5","Alaska",0.260869565217391
"1012","-135.5","57.5","Alaska",0.260869565217391
"1013","-134.5","57.5","Alaska",0.260869565217391
"1014","-133.5","57.5","Alaska",0.260869565217391
"1015","-132.5","57.5","Alaska",0.260869565217391
"1016","-162.5","58.5","Alaska",0.260869565217391
"1017","-161.5","58.5","Alaska",0.260869565217391
"1018","-160.5","58.5","Alaska",0.260869565217391
"1019","-159.5","58.5","Alaska",0.260869565217391
"1020","-158.5","58.5","Alaska",0.260869565217391
"1021","-157.5","58.5","Alaska",0.260869565217391
"1022","-156.5","58.5","Alaska",0.260869565217391
"1023","-155.5","58.5","Alaska",0.260869565217391
"1024","-154.5","58.5","Alaska",0.260869565217391
"1025","-153.5","58.5","Alaska",0.260869565217391
"1026","-152.5","58.5","Alaska",0.260869565217391
"1027","-151.5","58.5","Alaska",0.260869565217391
"1028","-138.5","58.5","Alaska",0.260869565217391
"1029","-137.5","58.5","Alaska",0.260869565217391
"1030","-136.5","58.5","Alaska",0.260869565217391
"1031","-135.5","58.5","Alaska",0.260869565217391
"1032","-134.5","58.5","Alaska",0.260869565217391
"1033","-133.5","58.5","Alaska",0.260869565217391
"1034","-167.5","59.5","Alaska",0.260869565217391
"1035","-166.5","59.5","Alaska",0.260869565217391
"1036","-165.5","59.5","Alaska",0.260869565217391
"1037","-164.5","59.5","Alaska",0.260869565217391
"1038","-163.5","59.5","Alaska",0.260869565217391
"1039","-162.5","59.5","Alaska",0.260869565217391
"1040","-161.5","59.5","Alaska",0.260869565217391
"1041","-160.5","59.5","Alaska",0.260869565217391
"1042","-159.5","59.5","Alaska",0.260869565217391
"1043","-158.5","59.5","Alaska",0.260869565217391
"1044","-157.5","59.5","Alaska",0.260869565217391
"1045","-156.5","59.5","Alaska",0.260869565217391
"1046","-155.5","59.5","Alaska",0.260869565217391
"1047","-154.5","59.5","Alaska",0.260869565217391
"1048","-153.5","59.5","Alaska",0.260869565217391
"1049","-152.5","59.5","Alaska",0.260869565217391
"1050","-151.5","59.5","Alaska",0.260869565217391
"1051","-150.5","59.5","Alaska",0.260869565217391
"1052","-149.5","59.5","Alaska",0.260869565217391
"1053","-148.5","59.5","Alaska",0.260869565217391
"1054","-147.5","59.5","Alaska",0.260869565217391
"1055","-144.5","59.5","Alaska",0.260869565217391
"1056","-143.5","59.5","Alaska",0.260869565217391
"1057","-141.5","59.5","Alaska",0.260869565217391
"1058","-140.5","59.5","Alaska",0.260869565217391
"1059","-139.5","59.5","Alaska",0.260869565217391
"1060","-138.5","59.5","Alaska",0.260869565217391
"1061","-137.5","59.5","Alaska",0.260869565217391
"1062","-136.5","59.5","Alaska",0.260869565217391
"1063","-135.5","59.5","Alaska",0.260869565217391
"1064","-134.5","59.5","Alaska",0.260869565217391
"1065","-173.5","60.5","Alaska",0.260869565217391
"1066","-172.5","60.5","Alaska",0.260869565217391
"1067","-167.5","60.5","Alaska",0.260869565217391
"1068","-166.5","60.5","Alaska",0.260869565217391
"1069","-165.5","60.5","Alaska",0.260869565217391
"1070","-164.5","60.5","Alaska",0.260869565217391
"1071","-163.5","60.5","Alaska",0.260869565217391
"1072","-162.5","60.5","Alaska",0.260869565217391
"1073","-161.5","60.5","Alaska",0.260869565217391
"1074","-160.5","60.5","Alaska",0.260869565217391
"1075","-159.5","60.5","Alaska",0.260869565217391
"1076","-158.5","60.5","Alaska",0.260869565217391
"1077","-157.5","60.5","Alaska",0.260869565217391
"1078","-156.5","60.5","Alaska",0.260869565217391
"1079","-155.5","60.5","Alaska",0.260869565217391
"1080","-154.5","60.5","Alaska",0.260869565217391
"1081","-153.5","60.5","Alaska",0.260869565217391
"1082","-152.5","60.5","Alaska",0.260869565217391
"1083","-151.5","60.5","Alaska",0.260869565217391
"1084","-150.5","60.5","Alaska",0.260869565217391
"1085","-149.5","60.5","Alaska",0.260869565217391
"1086","-148.5","60.5","Alaska",0.260869565217391
"1087","-147.5","60.5","Alaska",0.260869565217391
"1088","-146.5","60.5","Alaska",0.260869565217391
"1089","-145.5","60.5","Alaska",0.260869565217391
"1090","-144.5","60.5","Alaska",0.260869565217391
"1091","-143.5","60.5","Alaska",0.260869565217391
"1092","-142.5","60.5","Alaska",0.260869565217391
"1093","-141.5","60.5","Alaska",0.260869565217391
"1094","-140.5","60.5","Alaska",0.260869565217391
"1095","-139.5","60.5","Alaska",0.260869565217391
"1096","-166.5","61.5","Alaska",0.260869565217391
"1097","-165.5","61.5","Alaska",0.260869565217391
"1098","-164.5","61.5","Alaska",0.260869565217391
"1099","-163.5","61.5","Alaska",0.260869565217391
"1100","-162.5","61.5","Alaska",0.260869565217391
"1101","-161.5","61.5","Alaska",0.260869565217391
"1102","-160.5","61.5","Alaska",0.260869565217391
"1103","-159.5","61.5","Alaska",0.260869565217391
"1104","-158.5","61.5","Alaska",0.260869565217391
"1105","-157.5","61.5","Alaska",0.260869565217391
"1106","-156.5","61.5","Alaska",0.260869565217391
"1107","-155.5","61.5","Alaska",0.260869565217391
"1108","-154.5","61.5","Alaska",0.260869565217391
"1109","-153.5","61.5","Alaska",0.260869565217391
"1110","-152.5","61.5","Alaska",0.260869565217391
"1111","-151.5","61.5","Alaska",0.260869565217391
"1112","-150.5","61.5","Alaska",0.260869565217391
"1113","-149.5","61.5","Alaska",0.260869565217391
"1114","-148.5","61.5","Alaska",0.260869565217391
"1115","-147.5","61.5","Alaska",0.260869565217391
"1116","-146.5","61.5","Alaska",0.260869565217391
"1117","-145.5","61.5","Alaska",0.260869565217391
"1118","-144.5","61.5","Alaska",0.260869565217391
"1119","-143.5","61.5","Alaska",0.260869565217391
"1120","-142.5","61.5","Alaska",0.260869565217391
"1121","-141.5","61.5","Alaska",0.260869565217391
"1122","-169.5","62.5","Alaska",0.260869565217391
"1123","-165.5","62.5","Alaska",0.260869565217391
"1124","-164.5","62.5","Alaska",0.260869565217391
"1125","-163.5","62.5","Alaska",0.260869565217391
"1126","-162.5","62.5","Alaska",0.260869565217391
"1127","-161.5","62.5","Alaska",0.260869565217391
"1128","-160.5","62.5","Alaska",0.260869565217391
"1129","-159.5","62.5","Alaska",0.260869565217391
"1130","-158.5","62.5","Alaska",0.260869565217391
"1131","-157.5","62.5","Alaska",0.260869565217391
"1132","-156.5","62.5","Alaska",0.260869565217391
"1133","-155.5","62.5","Alaska",0.260869565217391
"1134","-154.5","62.5","Alaska",0.260869565217391
"1135","-153.5","62.5","Alaska",0.260869565217391
"1136","-152.5","62.5","Alaska",0.260869565217391
"1137","-151.5","62.5","Alaska",0.260869565217391
"1138","-150.5","62.5","Alaska",0.260869565217391
"1139","-149.5","62.5","Alaska",0.260869565217391
"1140","-148.5","62.5","Alaska",0.260869565217391
"1141","-147.5","62.5","Alaska",0.260869565217391
"1142","-146.5","62.5","Alaska",0.260869565217391
"1143","-145.5","62.5","Alaska",0.260869565217391
"1144","-144.5","62.5","Alaska",0.260869565217391
"1145","-143.5","62.5","Alaska",0.260869565217391
"1146","-142.5","62.5","Alaska",0.260869565217391
"1147","-141.5","62.5","Alaska",0.260869565217391
"1148","-171.5","63.5","Alaska",0.260869565217391
"1149","-170.5","63.5","Alaska",0.260869565217391
"1150","-169.5","63.5","Alaska",0.260869565217391
"1151","-168.5","63.5","Alaska",0.260869565217391
"1152","-164.5","63.5","Alaska",0.260869565217391
"1153","-163.5","63.5","Alaska",0.260869565217391
"1154","-162.5","63.5","Alaska",0.260869565217391
"1155","-161.5","63.5","Alaska",0.260869565217391
"1156","-160.5","63.5","Alaska",0.260869565217391
"1157","-159.5","63.5","Alaska",0.260869565217391
"1158","-158.5","63.5","Alaska",0.260869565217391
"1159","-157.5","63.5","Alaska",0.260869565217391
"1160","-156.5","63.5","Alaska",0.260869565217391
"1161","-155.5","63.5","Alaska",0.260869565217391
"1162","-154.5","63.5","Alaska",0.260869565217391
"1163","-153.5","63.5","Alaska",0.260869565217391
"1164","-152.5","63.5","Alaska",0.260869565217391
"1165","-151.5","63.5","Alaska",0.260869565217391
"1166","-150.5","63.5","Alaska",0.260869565217391
"1167","-149.5","63.5","Alaska",0.260869565217391
"1168","-148.5","63.5","Alaska",0.260869565217391
"1169","-147.5","63.5","Alaska",0.260869565217391
"1170","-146.5","63.5","Alaska",0.260869565217391
"1171","-145.5","63.5","Alaska",0.260869565217391
"1172","-144.5","63.5","Alaska",0.260869565217391
"1173","-143.5","63.5","Alaska",0.260869565217391
"1174","-142.5","63.5","Alaska",0.260869565217391
"1175","-141.5","63.5","Alaska",0.260869565217391
"1176","-166.5","64.5","Alaska",0.260869565217391
"1177","-165.5","64.5","Alaska",0.260869565217391
"1178","-164.5","64.5","Alaska",0.260869565217391
"1179","-163.5","64.5","Alaska",0.260869565217391
"1180","-162.5","64.5","Alaska",0.260869565217391
"1181","-161.5","64.5","Alaska",0.260869565217391
"1182","-160.5","64.5","Alaska",0.260869565217391
"1183","-159.5","64.5","Alaska",0.260869565217391
"1184","-158.5","64.5","Alaska",0.260869565217391
"1185","-157.5","64.5","Alaska",0.260869565217391
"1186","-156.5","64.5","Alaska",0.260869565217391
"1187","-155.5","64.5","Alaska",0.260869565217391
"1188","-154.5","64.5","Alaska",0.260869565217391
"1189","-153.5","64.5","Alaska",0.260869565217391
"1190","-152.5","64.5","Alaska",0.260869565217391
"1191","-151.5","64.5","Alaska",0.260869565217391
"1192","-150.5","64.5","Alaska",0.260869565217391
"1193","-149.5","64.5","Alaska",0.260869565217391
"1194","-148.5","64.5","Alaska",0.260869565217391
"1195","-147.5","64.5","Alaska",0.260869565217391
"1196","-146.5","64.5","Alaska",0.260869565217391
"1197","-145.5","64.5","Alaska",0.260869565217391
"1198","-144.5","64.5","Alaska",0.260869565217391
"1199","-143.5","64.5","Alaska",0.260869565217391
"1200","-142.5","64.5","Alaska",0.260869565217391
"1201","-141.5","64.5","Alaska",0.260869565217391
"1202","-168.5","65.5","Alaska",0.260869565217391
"1203","-167.5","65.5","Alaska",0.260869565217391
"1204","-166.5","65.5","Alaska",0.260869565217391
"1205","-165.5","65.5","Alaska",0.260869565217391
"1206","-164.5","65.5","Alaska",0.260869565217391
"1207","-163.5","65.5","Alaska",0.260869565217391
"1208","-162.5","65.5","Alaska",0.260869565217391
"1209","-161.5","65.5","Alaska",0.260869565217391
"1210","-160.5","65.5","Alaska",0.260869565217391
"1211","-159.5","65.5","Alaska",0.260869565217391
"1212","-158.5","65.5","Alaska",0.260869565217391
"1213","-157.5","65.5","Alaska",0.260869565217391
"1214","-156.5","65.5","Alaska",0.260869565217391
"1215","-155.5","65.5","Alaska",0.260869565217391
"1216","-154.5","65.5","Alaska",0.260869565217391
"1217","-153.5","65.5","Alaska",0.260869565217391
"1218","-152.5","65.5","Alaska",0.260869565217391
"1219","-151.5","65.5","Alaska",0.260869565217391
"1220","-150.5","65.5","Alaska",0.260869565217391
"1221","-149.5","65.5","Alaska",0.260869565217391
"1222","-148.5","65.5","Alaska",0.260869565217391
"1223","-147.5","65.5","Alaska",0.260869565217391
"1224","-146.5","65.5","Alaska",0.260869565217391
"1225","-145.5","65.5","Alaska",0.260869565217391
"1226","-144.5","65.5","Alaska",0.260869565217391
"1227","-143.5","65.5","Alaska",0.260869565217391
"1228","-142.5","65.5","Alaska",0.260869565217391
"1229","-141.5","65.5","Alaska",0.260869565217391
"1230","-166.5","66.5","Alaska",0.260869565217391
"1231","-165.5","66.5","Alaska",0.260869565217391
"1232","-164.5","66.5","Alaska",0.260869565217391
"1233","-163.5","66.5","Alaska",0.260869565217391
"1234","-162.5","66.5","Alaska",0.260869565217391
"1235","-161.5","66.5","Alaska",0.260869565217391
"1236","-160.5","66.5","Alaska",0.260869565217391
"1237","-159.5","66.5","Alaska",0.260869565217391
"1238","-158.5","66.5","Alaska",0.260869565217391
"1239","-157.5","66.5","Alaska",0.260869565217391
"1240","-156.5","66.5","Alaska",0.260869565217391
"1241","-155.5","66.5","Alaska",0.260869565217391
"1242","-154.5","66.5","Alaska",0.260869565217391
"1243","-153.5","66.5","Alaska",0.260869565217391
"1244","-152.5","66.5","Alaska",0.260869565217391
"1245","-151.5","66.5","Alaska",0.260869565217391
"1246","-150.5","66.5","Alaska",0.260869565217391
"1247","-149.5","66.5","Alaska",0.260869565217391
"1248","-148.5","66.5","Alaska",0.260869565217391
"1249","-147.5","66.5","Alaska",0.260869565217391
"1250","-146.5","66.5","Alaska",0.260869565217391
"1251","-145.5","66.5","Alaska",0.260869565217391
"1252","-144.5","66.5","Alaska",0.260869565217391
"1253","-143.5","66.5","Alaska",0.260869565217391
"1254","-142.5","66.5","Alaska",0.260869565217391
"1255","-141.5","66.5","Alaska",0.260869565217391
"1256","-165.5","67.5","Alaska",0.260869565217391
"1257","-164.5","67.5","Alaska",0.260869565217391
"1258","-163.5","67.5","Alaska",0.260869565217391
"1259","-162.5","67.5","Alaska",0.260869565217391
"1260","-161.5","67.5","Alaska",0.260869565217391
"1261","-160.5","67.5","Alaska",0.260869565217391
"1262","-159.5","67.5","Alaska",0.260869565217391
"1263","-158.5","67.5","Alaska",0.260869565217391
"1264","-157.5","67.5","Alaska",0.260869565217391
"1265","-156.5","67.5","Alaska",0.260869565217391
"1266","-155.5","67.5","Alaska",0.260869565217391
"1267","-154.5","67.5","Alaska",0.260869565217391
"1268","-153.5","67.5","Alaska",0.260869565217391
"1269","-152.5","67.5","Alaska",0.260869565217391
"1270","-151.5","67.5","Alaska",0.260869565217391
"1271","-150.5","67.5","Alaska",0.260869565217391
"1272","-149.5","67.5","Alaska",0.260869565217391
"1273","-148.5","67.5","Alaska",0.260869565217391
"1274","-147.5","67.5","Alaska",0.260869565217391
"1275","-146.5","67.5","Alaska",0.260869565217391
"1276","-145.5","67.5","Alaska",0.260869565217391
"1277","-144.5","67.5","Alaska",0.260869565217391
"1278","-143.5","67.5","Alaska",0.260869565217391
"1279","-142.5","67.5","Alaska",0.260869565217391
"1280","-141.5","67.5","Alaska",0.260869565217391
"1281","-166.5","68.5","Alaska",0.260869565217391
"1282","-165.5","68.5","Alaska",0.260869565217391
"1283","-164.5","68.5","Alaska",0.260869565217391
"1284","-163.5","68.5","Alaska",0.260869565217391
"1285","-162.5","68.5","Alaska",0.260869565217391
"1286","-161.5","68.5","Alaska",0.260869565217391
"1287","-160.5","68.5","Alaska",0.260869565217391
"1288","-159.5","68.5","Alaska",0.260869565217391
"1289","-158.5","68.5","Alaska",0.260869565217391
"1290","-157.5","68.5","Alaska",0.260869565217391
"1291","-156.5","68.5","Alaska",0.260869565217391
"1292","-155.5","68.5","Alaska",0.260869565217391
"1293","-154.5","68.5","Alaska",0.260869565217391
"1294","-153.5","68.5","Alaska",0.260869565217391
"1295","-152.5","68.5","Alaska",0.260869565217391
"1296","-151.5","68.5","Alaska",0.260869565217391
"1297","-150.5","68.5","Alaska",0.260869565217391
"1298","-149.5","68.5","Alaska",0.260869565217391
"1299","-148.5","68.5","Alaska",0.260869565217391
"1300","-147.5","68.5","Alaska",0.260869565217391
"1301","-146.5","68.5","Alaska",0.260869565217391
"1302","-145.5","68.5","Alaska",0.260869565217391
"1303","-144.5","68.5","Alaska",0.260869565217391
"1304","-143.5","68.5","Alaska",0.260869565217391
"1305","-142.5","68.5","Alaska",0.260869565217391
"1306","-141.5","68.5","Alaska",0.260869565217391
"1307","-163.5","69.5","Alaska",0.260869565217391
"1308","-162.5","69.5","Alaska",0.260869565217391
"1309","-161.5","69.5","Alaska",0.260869565217391
"1310","-160.5","69.5","Alaska",0.260869565217391
"1311","-159.5","69.5","Alaska",0.260869565217391
"1312","-158.5","69.5","Alaska",0.260869565217391
"1313","-157.5","69.5","Alaska",0.260869565217391
"1314","-156.5","69.5","Alaska",0.260869565217391
"1315","-155.5","69.5","Alaska",0.260869565217391
"1316","-154.5","69.5","Alaska",0.260869565217391
"1317","-153.5","69.5","Alaska",0.260869565217391
"1318","-152.5","69.5","Alaska",0.260869565217391
"1319","-151.5","69.5","Alaska",0.260869565217391
"1320","-150.5","69.5","Alaska",0.260869565217391
"1321","-149.5","69.5","Alaska",0.260869565217391
"1322","-148.5","69.5","Alaska",0.260869565217391
"1323","-147.5","69.5","Alaska",0.260869565217391
"1324","-146.5","69.5","Alaska",0.260869565217391
"1325","-145.5","69.5","Alaska",0.260869565217391
"1326","-144.5","69.5","Alaska",0.260869565217391
"1327","-143.5","69.5","Alaska",0.260869565217391
"1328","-142.5","69.5","Alaska",0.260869565217391
"1329","-141.5","69.5","Alaska",0.260869565217391
"1330","-162.5","70.5","Alaska",0.260869565217391
"1331","-161.5","70.5","Alaska",0.260869565217391
"1332","-160.5","70.5","Alaska",0.260869565217391
"1333","-159.5","70.5","Alaska",0.260869565217391
"1334","-158.5","70.5","Alaska",0.260869565217391
"1335","-157.5","70.5","Alaska",0.260869565217391
"1336","-156.5","70.5","Alaska",0.260869565217391
"1337","-155.5","70.5","Alaska",0.260869565217391
"1338","-154.5","70.5","Alaska",0.260869565217391
"1339","-153.5","70.5","Alaska",0.260869565217391
"1340","-152.5","70.5","Alaska",0.260869565217391
"1341","-151.5","70.5","Alaska",0.260869565217391
"1342","-150.5","70.5","Alaska",0.260869565217391
"1343","-149.5","70.5","Alaska",0.260869565217391
"1344","-148.5","70.5","Alaska",0.260869565217391
"1345","-147.5","70.5","Alaska",0.260869565217391
"1346","-146.5","70.5","Alaska",0.260869565217391
"1347","-145.5","70.5","Alaska",0.260869565217391
"1348","-144.5","70.5","Alaska",0.260869565217391
"1349","-143.5","70.5","Alaska",0.260869565217391
"1350","-142.5","70.5","Alaska",0.260869565217391
"1351","-157.5","71.5","Alaska",0.260869565217391
"1352","-156.5","71.5","Alaska",0.260869565217391
"1353","-155.5","71.5","Alaska",0.260869565217391
"1354","-154.5","71.5","Alaska",0.260869565217391
