"","X","Y","commarea","commarea_n","countyfp10","GEOID","name10","namelsad10","notes","statefp10","tractce10"
"1",-87.6300403557694,41.7424751824843,"44",44,"031","17031842400","8424","Census Tract 8424",NA,"17","842400"
"2",-87.6818820146571,41.8320944035083,"59",59,"031","17031840300","8403","Census Tract 8403",NA,"17","840300"
"3",-87.6350977761482,41.8510058477232,"34",34,"031","17031841100","8411","Census Tract 8411",NA,"17","841100"
"4",-87.6833419640078,41.8555618748275,"31",31,"031","17031841200","8412","Census Tract 8412",NA,"17","841200"
"5",-87.6314045257534,41.8710441935783,"32",32,"031","17031839000","8390","Census Tract 8390",NA,"17","839000"
"6",-87.6750793645062,41.8704156970662,"28",28,"031","17031838200","8382","Census Tract 8382",NA,"17","838200"
"7",-87.7299916303295,41.7749275255976,"65",65,"031","17031650301","6503.01","Census Tract 6503.01",NA,"17","650301"
"8",-87.6374120648527,41.6635979619392,"53",53,"031","17031530503","5305.03","Census Tract 5305.03",NA,"17","530503"
"9",-87.8441546681885,41.9753463378117,"76",76,"031","17031760803","7608.03","Census Tract 7608.03",NA,"17","760803"
"10",-87.6549360816469,41.988886306492,"77",77,"031","17031030601","306.01","Census Tract 306.01",NA,"17","030601"
"11",-87.6527316767909,41.9859193187882,"77",77,"031","17031030604","306.04","Census Tract 306.04",NA,"17","030604"
"12",-87.6944148749927,41.9868081707709,"2",2,"031","17031020801","208.01","Census Tract 208.01",NA,"17","020801"
"13",-87.6054489884556,41.6673323490286,"54",54,"031","17031540102","5401.02","Census Tract 5401.02",NA,"17","540102"
"14",-87.6925503051602,41.8637638526174,"29",29,"031","17031843300","8433","Census Tract 8433",NA,"17","843300"
"15",-87.5997934458805,41.6502199724618,"54",54,"031","17031540101","5401.01","Census Tract 5401.01",NA,"17","540101"
"16",-87.6100746264503,41.7482100712304,"44",44,"031","17031440201","4402.01","Census Tract 4402.01",NA,"17","440201"
"17",-87.6309005273006,41.9058597353398,"8",8,"031","17031080202","802.02","Census Tract 802.02",NA,"17","080202"
"18",-87.6422020664062,41.930582879755,"7",7,"031","17031070102","701.02","Census Tract 701.02",NA,"17","070102"
"19",-87.6524500291414,41.9672852685803,"3",3,"031","17031031501","315.01","Census Tract 315.01",NA,"17","031501"
"20",-87.652365568184,41.9636326365042,"3",3,"031","17031031502","315.02","Census Tract 315.02",NA,"17","031502"
"21",-87.6567344595015,41.7722943003427,"67",67,"031","17031834900","8349","Census Tract 8349",NA,"17","834900"
"22",-87.645087850073,41.7836302589252,"68",68,"031","17031834800","8348","Census Tract 8348",NA,"17","834800"
"23",-87.7130876517839,41.9555841019042,"16",16,"031","17031160502","1605.02","Census Tract 1605.02",NA,"17","160502"
"24",-87.7135753128166,41.9635482099538,"14",14,"031","17031140702","1407.02","Census Tract 1407.02",NA,"17","140702"
"25",-87.6251703503766,41.834959971717,"35",35,"031","17031842000","8420","Census Tract 8420",NA,"17","842000"
"26",-87.7720436133973,41.9567979655453,"15",15,"031","17031150402","1504.02","Census Tract 1504.02",NA,"17","150402"
"27",-87.5963096439432,41.7769448146764,"42",42,"031","17031834400","8344","Census Tract 8344",NA,"17","834400"
"28",-87.6940005196781,41.9725804826395,"4",4,"031","17031040201","402.01","Census Tract 402.01",NA,"17","040201"
"29",-87.6940960216405,41.9798549132939,"4",4,"031","17031040202","402.02","Census Tract 402.02",NA,"17","040202"
"30",-87.7053883912445,41.9952891820781,"2",2,"031","17031020702","207.02","Census Tract 207.02",NA,"17","020702"
"31",-87.6946305995906,41.994059242509,"2",2,"031","17031020802","208.02","Census Tract 208.02",NA,"17","020802"
"32",-87.7051863775275,42.0068652402524,"2",2,"031","17031020301","203.01","Census Tract 203.01",NA,"17","020301"
"33",-87.720185108283,41.8625775329778,"29",29,"031","17031838700","8387","Census Tract 8387",NA,"17","838700"
"34",-87.7018024116714,42.0008746348269,"2",2,"031","17031020601","206.01","Census Tract 206.01",NA,"17","020601"
"35",-87.7079132075926,41.8616225353182,"29",29,"031","17031841500","8415","Census Tract 8415",NA,"17","841500"
"36",-87.7008236245114,41.8678232670211,"29",29,"031","17031838600","8386","Census Tract 8386",NA,"17","838600"
"37",-87.7055523987856,41.8716190547367,"27",27,"031","17031837300","8373","Census Tract 8373",NA,"17","837300"
"38",-87.6936372815576,42.0013156187072,"2",2,"031","17031020602","206.02","Census Tract 206.02",NA,"17","020602"
"39",-87.6430241746969,41.9345408968687,"6",6,"031","17031063301","633.01","Census Tract 633.01",NA,"17","063301"
"40",-87.6841274003117,41.8847501046806,"28",28,"031","17031837800","8378","Census Tract 8378",NA,"17","837800"
"41",-87.6938012782991,41.8759747138075,"27",27,"031","17031837400","8374","Census Tract 8374",NA,"17","837400"
"42",-87.7061361817098,41.8818830545794,"27",27,"031","17031836900","8369","Census Tract 8369",NA,"17","836900"
"43",-87.6949634070413,42.0085406589962,"2",2,"031","17031020302","203.02","Census Tract 203.02",NA,"17","020302"
"44",-87.6786970962323,41.9942499718069,"2",2,"031","17031020902","209.02","Census Tract 209.02",NA,"17","020902"
"45",-87.6786203565633,42.0091481610491,"1",1,"031","17031010701","107.01","Census Tract 107.01",NA,"17","010701"
"46",-87.6546954398029,41.995380423108,"77",77,"031","17031030103","301.03","Census Tract 301.03",NA,"17","030103"
"47",-87.6346613141806,41.9347311624964,"6",6,"031","17031063303","633.03","Census Tract 633.03",NA,"17","063303"
"48",-87.6551319087829,41.9933966559625,"77",77,"031","17031030102","301.02","Census Tract 301.02",NA,"17","030102"
"49",-87.6633274640257,42.0045171089825,"1",1,"031","17031010502","105.02","Census Tract 105.02",NA,"17","010502"
"50",-87.6631269144168,42.0003200532806,"1",1,"031","17031010503","105.03","Census Tract 105.03",NA,"17","010503"
"51",-87.6727257202336,42.0090200015407,"1",1,"031","17031010702","107.02","Census Tract 107.02",NA,"17","010702"
"52",-87.6987209658255,41.8856736632309,"27",27,"031","17031837100","8371","Census Tract 8371",NA,"17","837100"
"53",-87.6986738785247,41.8783233822038,"27",27,"031","17031837000","8370","Census Tract 8370",NA,"17","837000"
"54",-87.6801485521851,42.0160076006451,"1",1,"031","17031010201","102.01","Census Tract 102.01",NA,"17","010201"
"55",-87.6860850849915,41.9942355790306,"2",2,"031","17031020901","209.01","Census Tract 209.01",NA,"17","020901"
"56",-87.6860816278263,41.9720667373515,"4",4,"031","17031040401","404.01","Census Tract 404.01",NA,"17","040401"
"57",-87.7125728510498,41.934166880409,"21",21,"031","17031210602","2106.02","Census Tract 2106.02",NA,"17","210602"
"58",-87.7129731663404,41.9592098269688,"16",16,"031","17031160501","1605.01","Census Tract 1605.01",NA,"17","160501"
"59",-87.7705333676238,41.920228900044,"19",19,"031","17031191302","1913.02","Census Tract 1913.02",NA,"17","191302"
"60",-87.7707370672983,41.927560402231,"19",19,"031","17031190602","1906.02","Census Tract 1906.02",NA,"17","190602"
"61",-87.6491914727294,41.8445748292368,"60",60,"031","17031840200","8402","Census Tract 8402",NA,"17","840200"
"62",-87.6321659574973,41.6742779139945,"53",53,"031","17031530501","5305.01","Census Tract 5305.01",NA,"17","530501"
"63",-87.7036896925957,41.9868915585526,"2",2,"031","17031020701","207.01","Census Tract 207.01",NA,"17","020701"
"64",-87.7560882760796,41.8691184829746,"25",25,"031","17031831400","8314","Census Tract 8314",NA,"17","831400"
"65",-87.7442595482136,41.9077663232358,"25",25,"031","17031831300","8313","Census Tract 8313",NA,"17","831300"
"66",-87.6639581244376,42.0094117493291,"1",1,"031","17031010501","105.01","Census Tract 105.01",NA,"17","010501"
"67",-87.6572424682146,41.8852882458388,"28",28,"031","17031833000","8330","Census Tract 8330",NA,"17","833000"
"68",-87.8448474183159,41.9834848037639,"76",76,"031","17031760801","7608.01","Census Tract 7608.01",NA,"17","760801"
"69",-87.7695725347493,41.8754876469996,"25",25,"031","17031252101","2521.01","Census Tract 2521.01",NA,"17","252101"
"70",-87.7598115682148,41.8765922881803,"25",25,"031","17031252102","2521.02","Census Tract 2521.02",NA,"17","252102"
"71",-87.7445832387377,41.8767584425805,"25",25,"031","17031252202","2522.02","Census Tract 2522.02",NA,"17","252202"
"72",-87.7128836553388,41.9258252089563,"22",22,"031","17031220601","2206.01","Census Tract 2206.01",NA,"17","220601"
"73",-87.7220524303469,41.9337846267449,"21",21,"031","17031210502","2105.02","Census Tract 2105.02",NA,"17","210502"
"74",-87.7119813661754,41.9293311773652,"22",22,"031","17031220602","2206.02","Census Tract 2206.02",NA,"17","220602"
"75",-87.7212482947184,41.9191816288635,"22",22,"031","17031220901","2209.01","Census Tract 2209.01",NA,"17","220901"
"76",-87.7218357297489,41.9227111889323,"22",22,"031","17031220902","2209.02","Census Tract 2209.02",NA,"17","220902"
"77",-87.7375418962931,41.9198284843776,"20",20,"031","17031200401","2004.01","Census Tract 2004.01",NA,"17","200401"
"78",-87.7296789634751,41.9196348322252,"20",20,"031","17031200402","2004.02","Census Tract 2004.02",NA,"17","200402"
"79",-87.7802654496774,41.9201521814016,"19",19,"031","17031191301","1913.01","Census Tract 1913.01",NA,"17","191301"
"80",-87.7804606071818,41.9274146184543,"19",19,"031","17031190601","1906.01","Census Tract 1906.01",NA,"17","190601"
"81",-87.7614216625107,41.9297959103066,"19",19,"031","17031190701","1907.01","Census Tract 1907.01",NA,"17","190701"
"82",-87.7610395390833,41.9261630428655,"19",19,"031","17031190702","1907.02","Census Tract 1907.02",NA,"17","190702"
"83",-87.7809523640748,41.9347276834421,"19",19,"031","17031190401","1904.01","Census Tract 1904.01",NA,"17","190401"
"84",-87.7712317706718,41.9348596372536,"19",19,"031","17031190402","1904.02","Census Tract 1904.02",NA,"17","190402"
"85",-87.6532412708409,41.9528214422575,"6",6,"031","17031832100","8321","Census Tract 8321",NA,"17","832100"
"86",-87.6404755859274,41.8016568356629,"61",61,"031","17031843800","8438","Census Tract 8438",NA,"17","843800"
"87",-87.6983043177952,41.8075337539685,"58",58,"031","17031842800","8428","Census Tract 8428",NA,"17","842800"
"88",-87.6277462428924,41.8272742440301,"35",35,"031","17031351500","3515","Census Tract 3515",NA,"17","351500"
"89",-87.7509614438212,41.7859901903802,"56",56,"031","17031980100","9801","Census Tract 9801","Half in CA 64 (Midway Airport)","17","980100"
"90",-87.6541250863618,41.8716914509743,"28",28,"031","17031833300","8333","Census Tract 8333",NA,"17","833300"
"91",-87.6618908079288,41.874175338956,"28",28,"031","17031832900","8329","Census Tract 8329",NA,"17","832900"
"92",-87.680650131779,41.877364291423,"28",28,"031","17031838000","8380","Census Tract 8380",NA,"17","838000"
"93",-87.6716805484159,41.878665212614,"28",28,"031","17031838100","8381","Census Tract 8381",NA,"17","838100"
"94",-87.6516051907523,41.980235180508,"77",77,"031","17031030706","307.06","Census Tract 307.06",NA,"17","030706"
"95",-87.622861923042,41.8101927027204,"38",38,"031","17031381500","3815","Census Tract 3815",NA,"17","381500"
"96",-87.65704538762,41.8790767308623,"28",28,"031","17031833100","8331","Census Tract 8331",NA,"17","833100"
"97",-87.6327464180393,41.8810268625446,"32",32,"031","17031839100","8391","Census Tract 8391",NA,"17","839100"
"98",-87.6262120443769,41.8991538062478,"8",8,"031","17031081201","812.01","Census Tract 812.01",NA,"17","081201"
"99",-87.7722648136478,41.9645676564155,"15",15,"031","17031150401","1504.01","Census Tract 1504.01",NA,"17","150401"
"100",-87.7819638253123,41.9644762771842,"15",15,"031","17031150501","1505.01","Census Tract 1505.01",NA,"17","150501"
"101",-87.7227522958318,41.8679348063012,"29",29,"031","17031843000","8430","Census Tract 8430",NA,"17","843000"
"102",-87.6729378767813,41.8631385430796,"28",28,"031","17031842900","8429","Census Tract 8429",NA,"17","842900"
"103",-87.7336103394742,41.8952786588616,"23",23,"031","17031842100","8421","Census Tract 8421",NA,"17","842100"
"104",-87.6429687254204,41.8678923093198,"28",28,"031","17031841900","8419","Census Tract 8419",NA,"17","841900"
"105",-87.6310054321304,41.9094984453401,"8",8,"031","17031080201","802.01","Census Tract 802.01",NA,"17","080201"
"106",-87.6325580758687,41.930464018865,"7",7,"031","17031070101","701.01","Census Tract 701.01",NA,"17","070101"
"107",-87.6218107274037,41.9061376761311,"8",8,"031","17031081202","812.02","Census Tract 812.02",NA,"17","081202"
"108",-87.6788180707789,41.9725450070118,"4",4,"031","17031040402","404.02","Census Tract 404.02",NA,"17","040402"
"109",-87.7242313064741,41.929368689503,"22",22,"031","17031220702","2207.02","Census Tract 2207.02",NA,"17","220702"
"110",-87.7231695039322,41.9692055170748,"14",14,"031","17031140301","1403.01","Census Tract 1403.01",NA,"17","140301"
"111",-87.6498857349622,41.9049338817218,"8",8,"031","17031842200","8422","Census Tract 8422",NA,"17","842200"
"112",-87.6907879410929,41.9448265319848,"5",5,"031","17031843700","8437","Census Tract 8437",NA,"17","843700"
"113",-87.6860492260305,41.7828494823231,"66",66,"031","17031835000","8350","Census Tract 8350",NA,"17","835000"
"114",-87.6560663403639,41.902200918096,"24",24,"031","17031842300","8423","Census Tract 8423",NA,"17","842300"
"115",-87.710094947513,41.9118821155898,"23",23,"031","17031230200","2302","Census Tract 2302",NA,"17","230200"
"116",-87.686248038264,41.7901575985906,"63",63,"031","17031835100","8351","Census Tract 8351",NA,"17","835100"
"117",-87.6450333648551,41.7906903049399,"68",68,"031","17031834700","8347","Census Tract 8347",NA,"17","834700"
"118",-87.7543526994433,41.9423826633249,"15",15,"031","17031151001","1510.01","Census Tract 1510.01",NA,"17","151001"
"119",-87.7471553839547,41.9424917748882,"15",15,"031","17031151002","1510.02","Census Tract 1510.02",NA,"17","151002"
"120",-87.7006347392069,41.9560929252852,"16",16,"031","17031160602","1606.02","Census Tract 1606.02",NA,"17","160602"
"121",-87.7258908723061,41.9646471901268,"14",14,"031","17031140601","1406.01","Census Tract 1406.01",NA,"17","140601"
"122",-87.7126524873201,41.9670374773786,"14",14,"031","17031140701","1407.01","Census Tract 1407.01",NA,"17","140701"
"123",-87.721016581945,41.9646520963206,"14",14,"031","17031140602","1406.02","Census Tract 1406.02",NA,"17","140602"
"124",-87.5991987322588,41.8059781667044,"39",39,"031","17031390500","3905","Census Tract 3905",NA,"17","390500"
"125",-87.5994212569746,41.7663065516757,"69",69,"031","17031841800","8418","Census Tract 8418",NA,"17","841800"
"126",-87.6232157659942,41.7769504964827,"69",69,"031","17031842500","8425","Census Tract 8425",NA,"17","842500"
"127",-87.6516949593529,41.8162185947031,"61",61,"031","17031842600","8426","Census Tract 8426",NA,"17","842600"
"128",-87.6967543645626,41.8382145273511,"30",30,"031","17031843500","8435","Census Tract 8435",NA,"17","843500"
"129",-87.7320214173994,41.8493271663254,"29",29,"031","17031843400","8434","Census Tract 8434",NA,"17","843400"
"130",-87.7237891691879,41.9725485093317,"14",14,"031","17031140302","1403.02","Census Tract 1403.02",NA,"17","140302"
"131",-87.761925013615,41.9770023492102,"11",11,"031","17031110501","1105.01","Census Tract 1105.01",NA,"17","110501"
"132",-87.6040581898211,41.8059243637008,"39",39,"031","17031390400","3904","Census Tract 3904",NA,"17","390400"
"133",-87.6633945269767,41.8474395115531,"31",31,"031","17031843200","8432","Census Tract 8432",NA,"17","843200"
"134",-87.7073710064956,41.8408329726567,"30",30,"031","17031840800","8408","Census Tract 8408",NA,"17","840800"
"135",-87.7598503634321,41.9702866102127,"11",11,"031","17031110502","1105.02","Census Tract 1105.02",NA,"17","110502"
"136",-87.8472168685989,41.9578321488877,"76",76,"031","17031760802","7608.02","Census Tract 7608.02",NA,"17","760802"
"137",-87.7818413578162,41.9567784641887,"15",15,"031","17031150502","1505.02","Census Tract 1505.02",NA,"17","150502"
"138",-87.7007123475565,41.8607500964353,"29",29,"031","17031843100","8431","Census Tract 8431",NA,"17","843100"
"139",-87.5917742122681,41.7458447464421,"45",45,"031","17031834300","8343","Census Tract 8343",NA,"17","834300"
"140",-87.5760170363216,41.7765990485487,"42",42,"031","17031843900","8439","Census Tract 8439","Small area in CA 43","17","843900"
"141",-87.7322503417904,41.9153187968744,"20",20,"031","17031831200","8312","Census Tract 8312",NA,"17","831200"
"142",-87.7976148751251,41.9256105613916,"18",18,"031","17031831600","8316","Census Tract 8316",NA,"17","831600"
"143",-87.7880224758376,41.9276419550396,"19",19,"031","17031831500","8315","Census Tract 8315",NA,"17","831500"
"144",-87.7174955453414,41.9428558109477,"21",21,"031","17031831100","8311","Census Tract 8311",NA,"17","831100"
"145",-87.7452551548857,41.9526508525478,"15",15,"031","17031831700","8317","Census Tract 8317",NA,"17","831700"
"146",-87.7131559095062,41.8717861322748,"27",27,"031","17031271500","2715","Census Tract 2715",NA,"17","271500"
"147",-87.6097620375822,41.7409599342283,"44",44,"031","17031440202","4402.02","Census Tract 4402.02",NA,"17","440202"
"148",-87.6011636635814,41.7409356900058,"44",44,"031","17031440102","4401.02","Census Tract 4401.02",NA,"17","440102"
"149",-87.5616340898703,41.7693824770673,"43",43,"031","17031430102","4301.02","Census Tract 4301.02",NA,"17","430102"
"150",-87.6548217020948,41.9806894021558,"77",77,"031","17031030702","307.02","Census Tract 307.02",NA,"17","030702"
"151",-87.658397867626,41.9854762347033,"77",77,"031","17031030603","306.03","Census Tract 306.03",NA,"17","030603"
"152",-87.6579658601875,41.982745289511,"77",77,"031","17031030701","307.01","Census Tract 307.01",NA,"17","030701"
"153",-87.6017584151677,41.8015323096487,"41",41,"031","17031836300","8363","Census Tract 8363",NA,"17","836300"
"154",-87.6384038600895,41.9015665453844,"8",8,"031","17031838300","8383","Census Tract 8383",NA,"17","838300"
"155",-87.6431623534689,41.8350674156507,"60",60,"031","17031839800","8398","Census Tract 8398",NA,"17","839800"
"156",-87.7088059242815,41.8986973210056,"23",23,"031","17031836600","8366","Census Tract 8366",NA,"17","836600"
"157",-87.6485415188832,41.7264115553762,"73",73,"031","17031730202","7302.02","Census Tract 7302.02",NA,"17","730202"
"158",-87.5739529103363,41.7698264394209,"43",43,"031","17031430101","4301.01","Census Tract 4301.01",NA,"17","430101"
"159",-87.6398539790404,41.9347646808987,"6",6,"031","17031063302","633.02","Census Tract 633.02",NA,"17","063302"
"160",-87.6012847520909,41.7904692050641,"41",41,"031","17031836200","8362","Census Tract 8362",NA,"17","836200"
"161",-87.6294059796118,41.9221530759128,"7",7,"031","17031071400","714","Census Tract 714",NA,"17","071400"
"162",-87.6392003001838,41.841868083928,"60",60,"031","17031840100","8401","Census Tract 8401",NA,"17","840100"
"163",-87.6993102160585,41.8145617094967,"58",58,"031","17031580502","5805.02","Census Tract 5805.02",NA,"17","580502"
"164",-87.7144106079569,41.8533098695988,"29",29,"031","17031841400","8414","Census Tract 8414",NA,"17","841400"
"165",-87.6197520154529,41.8950390457309,"8",8,"031","17031081401","814.01","Census Tract 814.01",NA,"17","081401"
"166",-87.6099675966091,41.8919082961885,"8",8,"031","17031081403","814.03","Census Tract 814.03","Small unpopulated area in CA 32","17","081403"
"167",-87.6578707985732,41.9788748631185,"77",77,"031","17031030703","307.03","Census Tract 307.03",NA,"17","030703"
"168",-87.6116843457502,41.8140035679388,"38",38,"031","17031836000","8360","Census Tract 8360",NA,"17","836000"
"169",-87.6187192016108,41.8130462505815,"38",38,"031","17031835800","8358","Census Tract 8358",NA,"17","835800"
"170",-87.6214988684473,41.8201664418356,"38",38,"031","17031835900","8359","Census Tract 8359",NA,"17","835900"
"171",-87.6247360033407,41.788082328999,"40",40,"031","17031834500","8345","Census Tract 8345",NA,"17","834500"
"172",-87.6089488234773,41.8067654084383,"38",38,"031","17031843600","8436","Census Tract 8436",NA,"17","843600"
"173",-87.6994961513172,41.8199859857673,"58",58,"031","17031580501","5805.01","Census Tract 5805.01",NA,"17","580501"
"174",-87.6343056643491,41.787246668586,"68",68,"031","17031834600","8346","Census Tract 8346",NA,"17","834600"
"175",-87.7164527877652,41.9782332191298,"13",13,"031","17031831800","8318","Census Tract 8318",NA,"17","831800"
"176",-87.6411828024884,41.9164725368444,"7",7,"031","17031071600","716","Census Tract 716",NA,"17","071600"
"177",-87.6540551337549,41.9147491939162,"7",7,"031","17031832600","8326","Census Tract 8326",NA,"17","832600"
"178",-87.6434599281545,41.9432367173617,"6",6,"031","17031061901","619.01","Census Tract 619.01",NA,"17","061901"
"179",-87.6487068457626,41.8271229230639,"60",60,"031","17031839900","8399","Census Tract 8399",NA,"17","839900"
"180",-87.6556425121516,41.9972772533592,"77",77,"031","17031030104","301.04","Census Tract 301.04",NA,"17","030104"
"181",-87.90448852338,42.0123906858478,"76",76,"031","17031770602","7706.02","Census Tract 7706.02","Partially outside City Boundary","17","770602"
"182",-87.6523571405071,41.8330798239904,"60",60,"031","17031839700","8397","Census Tract 8397",NA,"17","839700"
"183",-87.7452866091598,41.7966436464408,"56",56,"031","17031835200","8352","Census Tract 8352",NA,"17","835200"
"184",-87.5477992589973,41.7318647914872,"46",46,"031","17031833900","8339","Census Tract 8339",NA,"17","833900"
"185",-87.7138624805981,41.8850448415253,"27",27,"031","17031836800","8368","Census Tract 8368",NA,"17","836800"
"186",-87.5723191487422,41.6835098011899,"51",51,"031","17031838800","8388","Census Tract 8388",NA,"17","838800"
"187",-87.7021747373766,41.8917040441296,"23",23,"031","17031836700","8367","Census Tract 8367",NA,"17","836700"
"188",-87.6799729365284,41.9204780208956,"22",22,"031","17031832200","8322","Census Tract 8322",NA,"17","832200"
"189",-87.7521051132992,41.8766958642877,"25",25,"031","17031252201","2522.01","Census Tract 2522.01",NA,"17","252201"
"190",-87.6769992950319,41.9147877430097,"22",22,"031","17031831000","8310","Census Tract 8310","Small area in CA 24","17","831000"
"191",-87.692256485121,41.9157411019371,"22",22,"031","17031832400","8324","Census Tract 8324",NA,"17","832400"
"192",-87.6426051542458,41.9268109824607,"7",7,"031","17031070103","701.03","Census Tract 701.03",NA,"17","070103"
"193",-87.7215650628942,41.9261553914963,"22",22,"031","17031220701","2207.01","Census Tract 2207.01",NA,"17","220701"
"194",-87.707603227183,41.8553771556126,"29",29,"031","17031841600","8416","Census Tract 8416",NA,"17","841600"
"195",-87.8361839369231,41.9700656713074,"76",76,"031","17031770902","7709.02","Census Tract 7709.02","Partially outside City Boundary (almost all)","17","770902"
"196",-87.6982872344329,41.7799540492805,"66",66,"031","17031660301","6603.01","Census Tract 6603.01",NA,"17","660301"
"197",-87.6983926256448,41.78359568685,"66",66,"031","17031660302","6603.02","Census Tract 6603.02",NA,"17","660302"
"198",-87.7277591497862,41.8451846285559,"30",30,"031","17031301802","3018.02","Census Tract 3018.02",NA,"17","301802"
"199",-87.6294985038625,41.7275359388728,"49",49,"031","17031834000","8340","Census Tract 8340",NA,"17","834000"
"200",-87.583606997776,41.7555675716567,"43",43,"031","17031834200","8342","Census Tract 8342",NA,"17","834200"
"201",-87.6579113580069,41.7268301758536,"73",73,"031","17031730201","7302.01","Census Tract 7302.01",NA,"17","730201"
"202",-87.6325419070991,41.8163541361101,"37",37,"031","17031835500","8355","Census Tract 8355",NA,"17","835500"
"203",-87.619289517281,41.8340974221487,"35",35,"031","17031839500","8395","Census Tract 8395",NA,"17","839500"
"204",-87.6220359602729,41.8420107016457,"35",35,"031","17031839200","8392","Census Tract 8392",NA,"17","839200"
"205",-87.6266736872504,41.6648049200785,"53",53,"031","17031530502","5305.02","Census Tract 5305.02",NA,"17","530502"
"206",-87.6676795274977,41.8338478343387,"59",59,"031","17031840400","8404","Census Tract 8404",NA,"17","840400"
"207",-87.617386863511,41.8484484623039,"33",33,"031","17031841000","8410","Census Tract 8410",NA,"17","841000"
"208",-87.6546677434953,41.9912706640103,"77",77,"031","17031030101","301.01","Census Tract 301.01",NA,"17","030101"
"209",-87.7313064227644,41.7383651208745,"70",70,"031","17031700302","7003.02","Census Tract 7003.02",NA,"17","700302"
"210",-87.7118233940504,41.7382301195524,"70",70,"031","17031700402","7004.02","Census Tract 7004.02",NA,"17","700402"
"211",-87.7120354814118,41.7455371038245,"70",70,"031","17031700401","7004.01","Census Tract 7004.01",NA,"17","700401"
"212",-87.7239508694721,41.8300654267296,"30",30,"031","17031830500","8305","Census Tract 8305",NA,"17","830500"
"213",-87.7041817818292,41.8531301280293,"30",30,"031","17031841700","8417","Census Tract 8417",NA,"17","841700"
"214",-87.7399954184345,41.7820943709791,"64",64,"031","17031640100","6401","Census Tract 6401",NA,"17","640100"
"215",-87.6942664334866,41.8529302283257,"30",30,"031","17031840700","8407","Census Tract 8407",NA,"17","840700"
"216",-87.683030945482,41.8440834828446,"31",31,"031","17031841300","8413","Census Tract 8413",NA,"17","841300"
"217",-87.7350491752104,41.841661788376,"30",30,"031","17031301801","3018.01","Census Tract 3018.01",NA,"17","301801"
"218",-87.6437629914994,41.9538478806114,"6",6,"031","17031060800","608","Census Tract 608",NA,"17","060800"
"219",-87.6714490286271,41.9192070176706,"22",22,"031","17031832300","8323","Census Tract 8323",NA,"17","832300"
"220",-87.6641185592769,41.9218777879858,"7",7,"031","17031832500","8325","Census Tract 8325",NA,"17","832500"
"221",-87.6542981604621,41.9462940802339,"6",6,"031","17031832000","8320","Census Tract 8320",NA,"17","832000"
"222",-87.7021490873463,41.9595315310599,"16",16,"031","17031160601","1606.01","Census Tract 1606.01",NA,"17","160601"
"223",-87.722330133986,41.9374012930469,"21",21,"031","17031210501","2105.01","Census Tract 2105.01",NA,"17","210501"
"224",-87.7122139947814,41.937635618126,"21",21,"031","17031210601","2106.01","Census Tract 2106.01",NA,"17","210601"
"225",-87.6207531547749,41.8983353967049,"8",8,"031","17031081300","813","Census Tract 813",NA,"17","081300"
"226",-87.6887682714951,41.7388519677923,"70",70,"031","17031700502","7005.02","Census Tract 7005.02",NA,"17","700502"
"227",-87.6186825067415,41.799805017856,"40",40,"031","17031836100","8361","Census Tract 8361",NA,"17","836100"
"228",-87.627597785088,41.8128443831451,"38",38,"031","17031835700","8357","Census Tract 8357",NA,"17","835700"
"229",-87.6568034915845,41.9491397601241,"6",6,"031","17031061100","611","Census Tract 611",NA,"17","061100"
"230",-87.5958325076996,41.8211751011592,"36",36,"031","17031836400","8364","Census Tract 8364",NA,"17","836400"
"231",-87.6006378931173,41.8282769861726,"36",36,"031","17031836500","8365","Census Tract 8365",NA,"17","836500"
"232",-87.6192494662115,41.8274411653947,"35",35,"031","17031839600","8396","Census Tract 8396",NA,"17","839600"
"233",-87.6382989231634,41.8311664547651,"60",60,"031","17031840000","8400","Census Tract 8400",NA,"17","840000"
"234",-87.632201316773,41.8018354069244,"37",37,"031","17031835600","8356","Census Tract 8356",NA,"17","835600"
"235",-87.6765774976998,41.9651413267134,"4",4,"031","17031830800","8308","Census Tract 8308",NA,"17","830800"
"236",-87.556364494494,41.7400278433603,"46",46,"031","17031460301","4603.01","Census Tract 4603.01",NA,"17","460301"
"237",-87.7196253861809,41.8424805292409,"30",30,"031","17031301701","3017.01","Census Tract 3017.01",NA,"17","301701"
"238",-87.6522612765866,41.8565069404283,"31",31,"031","17031310400","3104","Census Tract 3104",NA,"17","310400"
"239",-87.617939479018,41.6818522764747,"53",53,"031","17031530100","5301","Census Tract 5301",NA,"17","530100"
"240",-87.6291090102064,41.9002065652726,"8",8,"031","17031081100","811","Census Tract 811",NA,"17","081100"
"241",-87.7619580301514,41.9495915671753,"15",15,"031","17031150700","1507","Census Tract 1507",NA,"17","150700"
"242",-87.7195243970066,41.8388061703112,"30",30,"031","17031301702","3017.02","Census Tract 3017.02",NA,"17","301702"
"243",-87.7317116656617,41.7456224087695,"70",70,"031","17031700301","7003.01","Census Tract 7003.01",NA,"17","700301"
"244",-87.6153262133943,41.7032800799504,"49",49,"031","17031490902","4909.02","Census Tract 4909.02",NA,"17","490902"
"245",-87.6471131853454,41.9464894900366,"6",6,"031","17031061800","618","Census Tract 618",NA,"17","061800"
"246",-87.6162676498577,41.6960581833778,"49",49,"031","17031490901","4909.01","Census Tract 4909.01",NA,"17","490901"
"247",-87.7177493333465,41.7750953459231,"65",65,"031","17031650302","6503.02","Census Tract 6503.02",NA,"17","650302"
"248",-87.6687906502549,41.9451690186684,"6",6,"031","17031831900","8319","Census Tract 8319",NA,"17","831900"
"249",-87.6735738330843,42.0016980114544,"1",1,"031","17031830600","8306","Census Tract 8306",NA,"17","830600"
"250",-87.6853728497224,41.9286297085405,"22",22,"031","17031830900","8309","Census Tract 8309",NA,"17","830900"
"251",-87.659171562451,41.9609726817715,"3",3,"031","17031830700","8307","Census Tract 8307",NA,"17","830700"
"252",-87.7026992728289,41.8481796489006,"30",30,"031","17031300900","3009","Census Tract 3009",NA,"17","300900"
"253",-87.6903422066665,41.7462131348349,"70",70,"031","17031700501","7005.01","Census Tract 7005.01",NA,"17","700501"
"254",-87.5573905031874,41.7470863272756,"46",46,"031","17031460302","4603.02","Census Tract 4603.02",NA,"17","460302"
"255",-87.5627859849034,41.7583854918946,"43",43,"031","17031431302","4313.02","Census Tract 4313.02",NA,"17","431302"
"256",-87.720074409384,41.9155643521436,"22",22,"031","17031222900","2229","Census Tract 2229",NA,"17","222900"
"257",-87.5601863478985,41.7535301868026,"43",43,"031","17031431301","4313.01","Census Tract 4313.01",NA,"17","431301"
"258",-87.6013946017038,41.7486349300215,"44",44,"031","17031440101","4401.01","Census Tract 4401.01",NA,"17","440101"
"259",-87.7278708337382,41.8395497205088,"30",30,"031","17031301803","3018.03","Census Tract 3018.03",NA,"17","301803"
"260",-87.6442092433113,41.8563085729422,"31",31,"031","17031310200","3102","Census Tract 3102",NA,"17","310200"
"261",-87.6489803645347,41.8561398523326,"31",31,"031","17031310300","3103","Census Tract 3103",NA,"17","310300"
"262",-87.6547525229966,41.8552251429128,"31",31,"031","17031310500","3105","Census Tract 3105",NA,"17","310500"
"263",-87.574972590282,41.7157377973457,"51",51,"031","17031510300","5103","Census Tract 5103",NA,"17","510300"
"264",-87.6168214525413,41.6891232557637,"49",49,"031","17031491400","4914","Census Tract 4914",NA,"17","491400"
"265",-87.6003020656458,41.7008559403725,"50",50,"031","17031500200","5002","Census Tract 5002",NA,"17","500200"
"266",-87.6323953958917,41.6815611737904,"53",53,"031","17031530200","5302","Census Tract 5302",NA,"17","530200"
"267",-87.6986083625479,41.6972863766069,"74",74,"031","17031740100","7401","Census Tract 7401",NA,"17","740100"
"268",-87.7318319636781,41.965361929286,"14",14,"031","17031140500","1405","Census Tract 1405",NA,"17","140500"
"269",-87.7027751325438,41.9644941925557,"14",14,"031","17031140800","1408","Census Tract 1408",NA,"17","140800"
"270",-87.6979662730263,41.8470211916311,"30",30,"031","17031301100","3011","Census Tract 3011",NA,"17","301100"
"271",-87.7524131015017,41.9606749195572,"15",15,"031","17031150200","1502","Census Tract 1502",NA,"17","150200"
"272",-87.762285896532,41.9605181118534,"15",15,"031","17031150300","1503","Census Tract 1503",NA,"17","150300"
"273",-87.6914770748787,41.8484171499175,"30",30,"031","17031301200","3012","Census Tract 3012",NA,"17","301200"
"274",-87.7193159070734,41.6872386428792,"74",74,"031","17031740400","7404","Census Tract 7404",NA,"17","740400"
"275",-87.6859126543089,42.0084869374853,"2",2,"031","17031020400","204","Census Tract 204",NA,"17","020400"
"276",-87.7716352587084,41.7815320534975,"64",64,"031","17031640300","6403","Census Tract 6403",NA,"17","640300"
"277",-87.7714298210823,41.7760361115719,"64",64,"031","17031640600","6406","Census Tract 6406",NA,"17","640600"
"278",-87.6571665290943,42.0054400924269,"1",1,"031","17031010400","104","Census Tract 104",NA,"17","010400"
"279",-87.6459659889475,41.9145855199406,"7",7,"031","17031071800","718","Census Tract 718",NA,"17","071800"
"280",-87.7308957632922,41.9572682220451,"16",16,"031","17031160300","1603","Census Tract 1603",NA,"17","160300"
"281",-87.664906118173,41.8559903405024,"31",31,"031","17031310700","3107","Census Tract 3107",NA,"17","310700"
"282",-87.626762749624,41.9149142682424,"7",7,"031","17031071500","715","Census Tract 715",NA,"17","071500"
"283",-87.6410717521297,41.9128666310946,"7",7,"031","17031071700","717","Census Tract 717",NA,"17","071700"
"284",-87.6665822534709,41.7766992793111,"67",67,"031","17031671200","6712","Census Tract 6712",NA,"17","671200"
"285",-87.6764043844769,41.7865782876755,"67",67,"031","17031670500","6705","Census Tract 6705",NA,"17","670500"
"286",-87.6715771989149,41.7830055075229,"67",67,"031","17031670600","6706","Census Tract 6706",NA,"17","670600"
"287",-87.6667314612048,41.7830686193255,"67",67,"031","17031670700","6707","Census Tract 6707",NA,"17","670700"
"288",-87.6618790130567,41.7831442307313,"67",67,"031","17031670800","6708","Census Tract 6708",NA,"17","670800"
"289",-87.6570220054171,41.7832124150396,"67",67,"031","17031670900","6709","Census Tract 6709",NA,"17","670900"
"290",-87.6617117662944,41.7767815578405,"67",67,"031","17031671100","6711","Census Tract 6711",NA,"17","671100"
"291",-87.6713493318352,41.7739015997439,"67",67,"031","17031671300","6713","Census Tract 6713",NA,"17","671300"
"292",-87.676228860968,41.7737922088819,"67",67,"031","17031671400","6714","Census Tract 6714",NA,"17","671400"
"293",-87.6696320004711,41.7681721497709,"67",67,"031","17031671500","6715","Census Tract 6715",NA,"17","671500"
"294",-87.661511830868,41.7694999131884,"67",67,"031","17031671600","6716","Census Tract 6716",NA,"17","671600"
"295",-87.6572083532302,41.7904937409738,"67",67,"031","17031670100","6701","Census Tract 6701",NA,"17","670100"
"296",-87.7339492805549,41.9117235264421,"23",23,"031","17031230500","2305","Census Tract 2305",NA,"17","230500"
"297",-87.7339951274082,41.906188985784,"23",23,"031","17031230600","2306","Census Tract 2306",NA,"17","230600"
"298",-87.6897092167478,41.9121612670864,"24",24,"031","17031240600","2406","Census Tract 2406",NA,"17","240600"
"299",-87.6945344157626,41.9079977707552,"24",24,"031","17031241000","2410","Census Tract 2410",NA,"17","241000"
"300",-87.7438009998248,41.9192298066712,"19",19,"031","17031191000","1910","Census Tract 1910",NA,"17","191000"
"301",-87.6357986463184,41.9074900346811,"8",8,"031","17031080300","803","Census Tract 803",NA,"17","080300"
"302",-87.7075818047331,41.8481108632255,"30",30,"031","17031300800","3008","Census Tract 3008",NA,"17","300800"
"303",-87.7302264515873,41.7822223638491,"65",65,"031","17031650200","6502","Census Tract 6502",NA,"17","650200"
"304",-87.7079431910829,41.7752434255896,"66",66,"031","17031660500","6605","Census Tract 6605",NA,"17","660500"
"305",-87.6945320393233,41.9208013139285,"22",22,"031","17031221400","2214","Census Tract 2214",NA,"17","221400"
"306",-87.7306829266633,41.9499767000057,"16",16,"031","17031161000","1610","Census Tract 1610",NA,"17","161000"
"307",-87.632539850592,41.8274177202957,"34",34,"031","17031340600","3406","Census Tract 3406",NA,"17","340600"
"308",-87.683636524973,41.9119700419153,"24",24,"031","17031240500","2405","Census Tract 2405",NA,"17","240500"
"309",-87.6945993685797,41.9121171994212,"24",24,"031","17031240700","2407","Census Tract 2407",NA,"17","240700"
"310",-87.6994821648291,41.9121057445485,"24",24,"031","17031240800","2408","Census Tract 2408",NA,"17","240800"
"311",-87.7018836562075,41.9047421591285,"24",24,"031","17031240900","2409","Census Tract 2409",NA,"17","240900"
"312",-87.6895820096025,41.9066673079851,"24",24,"031","17031241100","2411","Census Tract 2411",NA,"17","241100"
"313",-87.7614634532553,41.934986421613,"19",19,"031","17031190300","1903","Census Tract 1903",NA,"17","190300"
"314",-87.7513623675995,41.9278186319205,"19",19,"031","17031190800","1908","Census Tract 1908",NA,"17","190800"
"315",-87.7441048245104,41.9279225962277,"19",19,"031","17031190900","1909","Census Tract 1909",NA,"17","190900"
"316",-87.7509763515862,41.9196293422931,"19",19,"031","17031191100","1911","Census Tract 1911",NA,"17","191100"
"317",-87.7608269556143,41.920143229102,"19",19,"031","17031191200","1912","Census Tract 1912",NA,"17","191200"
"318",-87.6267897686655,41.9075536651857,"8",8,"031","17031080100","801","Census Tract 801",NA,"17","080100"
"319",-87.6409021019478,41.9074116158131,"8",8,"031","17031080400","804","Census Tract 804",NA,"17","080400"
"320",-87.6321089319187,41.9002655691019,"8",8,"031","17031081000","810","Census Tract 810",NA,"17","081000"
"321",-87.7717578337178,41.9494730963036,"15",15,"031","17031150600","1506","Census Tract 1506",NA,"17","150600"
"322",-87.7122520371832,41.8407572162771,"30",30,"031","17031301600","3016","Census Tract 3016",NA,"17","301600"
"323",-87.6841982374631,42.0013129042751,"2",2,"031","17031020500","205","Census Tract 205",NA,"17","020500"
"324",-87.6521323495783,41.6622753122771,"53",53,"031","17031821402","8214.02","Census Tract 8214.02","Partially outside City Boundary (almost all)","17","821402"
"325",-87.6861725613275,41.6953911139027,"75",75,"031","17031750300","7503","Census Tract 7503",NA,"17","750300"
"326",-87.7397417663573,41.774823966823,"64",64,"031","17031640800","6408","Census Tract 6408",NA,"17","640800"
"327",-87.6520282960185,41.6958344731475,"75",75,"031","17031750100","7501","Census Tract 7501",NA,"17","750100"
"328",-87.712705479403,41.7047146947748,"74",74,"031","17031740200","7402","Census Tract 7402",NA,"17","740200"
"329",-87.7171803436591,41.7653248317733,"65",65,"031","17031650400","6504","Census Tract 6504",NA,"17","650400"
"330",-87.7320578496962,41.7622541342105,"65",65,"031","17031650500","6505","Census Tract 6505",NA,"17","650500"
"331",-87.6933405804163,41.7772871605173,"66",66,"031","17031660600","6606","Census Tract 6606",NA,"17","660600"
"332",-87.7103608895701,41.9210205415403,"22",22,"031","17031221100","2211","Census Tract 2211",NA,"17","221100"
"333",-87.6997540616386,41.9211256768265,"22",22,"031","17031221300","2213","Census Tract 2213",NA,"17","221300"
"334",-87.6899513466943,41.9216468881418,"22",22,"031","17031221500","2215","Census Tract 2215",NA,"17","221500"
"335",-87.6871153929724,42.0157197041891,"2",2,"031","17031020100","201","Census Tract 201",NA,"17","020100"
"336",-87.6850967237769,41.9212499126421,"22",22,"031","17031221600","2216","Census Tract 2216",NA,"17","221600"
"337",-87.7128145772475,41.9502131357908,"16",16,"031","17031160800","1608","Census Tract 1608",NA,"17","160800"
"338",-87.722608233063,41.9500820841625,"16",16,"031","17031160900","1609","Census Tract 1609",NA,"17","160900"
"339",-87.7150953239679,41.9154348828908,"22",22,"031","17031222800","2228","Census Tract 2228",NA,"17","222800"
"340",-87.7381512470661,41.9498771321133,"16",16,"031","17031161100","1611","Census Tract 1611",NA,"17","161100"
"341",-87.7385700745101,41.942548955393,"16",16,"031","17031161200","1612","Census Tract 1612",NA,"17","161200"
"342",-87.7310023081881,41.9426994517505,"16",16,"031","17031161300","1613","Census Tract 1613",NA,"17","161300"
"343",-87.7178561732085,41.7823762114901,"65",65,"031","17031650100","6501","Census Tract 6501",NA,"17","650100"
"344",-87.630535433588,41.8613413491014,"33",33,"031","17031330200","3302","Census Tract 3302",NA,"17","330200"
"345",-87.6132776944939,41.7830135121497,"42",42,"031","17031420600","4206","Census Tract 4206",NA,"17","420600"
"346",-87.6106932526191,41.7766914505836,"42",42,"031","17031420700","4207","Census Tract 4207",NA,"17","420700"
"347",-87.6850445902005,41.761818531226,"66",66,"031","17031661000","6610","Census Tract 6610",NA,"17","661000"
"348",-87.7027695138,41.6814161718597,"75",75,"031","17031823304","8233.04","Census Tract 8233.04","Partially outside City Boundary","17","823304"
"349",-87.6698441991076,42.0212616205124,"1",1,"031","17031010100","101","Census Tract 101",NA,"17","010100"
"350",-87.7149889427085,41.9118173150137,"23",23,"031","17031230300","2303","Census Tract 2303",NA,"17","230300"
"351",-87.7912473905976,41.7811783032777,"64",64,"031","17031640400","6404","Census Tract 6404",NA,"17","640400"
"352",-87.7909878602923,41.7756823553114,"64",64,"031","17031640500","6405","Census Tract 6405",NA,"17","640500"
"353",-87.7519346620039,41.7764108966983,"64",64,"031","17031640700","6407","Census Tract 6407",NA,"17","640700"
"354",-87.7714953484293,41.9421689858342,"15",15,"031","17031151200","1512","Census Tract 1512",NA,"17","151200"
"355",-87.6685737461232,41.8559337213017,"31",31,"031","17031310800","3108","Census Tract 3108",NA,"17","310800"
"356",-87.70804407562,41.7825321119219,"66",66,"031","17031660400","6604","Census Tract 6604",NA,"17","660400"
"357",-87.6717697753083,41.790299679517,"67",67,"031","17031670400","6704","Census Tract 6704",NA,"17","670400"
"358",-87.6320352412739,41.8418850590254,"34",34,"031","17031340400","3404","Census Tract 3404",NA,"17","340400"
"359",-87.6032569198439,41.7769097767308,"42",42,"031","17031420800","4208","Census Tract 4208",NA,"17","420800"
"360",-87.6089660270736,41.7706569407845,"42",42,"031","17031421200","4212","Census Tract 4212",NA,"17","421200"
"361",-87.702688132856,41.7607873555549,"66",66,"031","17031661100","6611","Census Tract 6611",NA,"17","661100"
"362",-87.6995963561922,41.915707546922,"22",22,"031","17031222500","2225","Census Tract 2225",NA,"17","222500"
"363",-87.7516489297823,41.9351136697946,"19",19,"031","17031190200","1902","Census Tract 1902",NA,"17","190200"
"364",-87.5943504052727,41.8060181291741,"39",39,"031","17031390600","3906","Census Tract 3906",NA,"17","390600"
"365",-87.6665351054666,42.0159407401138,"1",1,"031","17031010300","103","Census Tract 103",NA,"17","010300"
"366",-87.6676833145228,42.006278588239,"1",1,"031","17031010600","106","Census Tract 106",NA,"17","010600"
"367",-87.699519118971,42.0156902549052,"2",2,"031","17031020200","202","Census Tract 202",NA,"17","020200"
"368",-87.7521181620372,41.949708613121,"15",15,"031","17031150800","1508","Census Tract 1508",NA,"17","150800"
"369",-87.7617175179673,41.9422903432328,"15",15,"031","17031151100","1511","Census Tract 1511",NA,"17","151100"
"370",-87.7043680920698,41.9120286038048,"23",23,"031","17031230100","2301","Census Tract 2301",NA,"17","230100"
"371",-87.7427950935854,41.9646284519857,"16",16,"031","17031160100","1601","Census Tract 1601",NA,"17","160100"
"372",-87.7384019916162,41.9587909841186,"16",16,"031","17031160200","1602","Census Tract 1602",NA,"17","160200"
"373",-87.7228238529266,41.957365770738,"16",16,"031","17031160400","1604","Census Tract 1604",NA,"17","160400"
"374",-87.6595656536852,41.856334808525,"31",31,"031","17031310600","3106","Census Tract 3106",NA,"17","310600"
"375",-87.6746740953624,41.8557716536064,"31",31,"031","17031310900","3109","Census Tract 3109",NA,"17","310900"
"376",-87.61736675902,41.8777213811512,"32",32,"031","17031320400","3204","Census Tract 3204",NA,"17","320400"
"377",-87.6615446963773,41.9452817672162,"6",6,"031","17031061500","615","Census Tract 615",NA,"17","061500"
"378",-87.616881707453,41.8711373828348,"32",32,"031","17031320600","3206","Census Tract 3206",NA,"17","320600"
"379",-87.7107232609017,41.6950693321017,"74",74,"031","17031740300","7403","Census Tract 7403",NA,"17","740300"
"380",-87.6810954614125,41.7738453586986,"66",66,"031","17031660700","6607","Census Tract 6607",NA,"17","660700"
"381",-87.7101913828129,41.9154908498212,"22",22,"031","17031222700","2227","Census Tract 2227",NA,"17","222700"
"382",-87.7046499542215,41.9210831204029,"22",22,"031","17031221200","2212","Census Tract 2212",NA,"17","221200"
"383",-87.7019832933924,41.950419000591,"16",16,"031","17031160700","1607","Census Tract 1607",NA,"17","160700"
"384",-87.6838261963691,41.9159095382849,"22",22,"031","17031222200","2222","Census Tract 2222",NA,"17","222200"
"385",-87.6329169291288,41.8345181885139,"34",34,"031","17031340500","3405","Census Tract 3405",NA,"17","340500"
"386",-87.6152945201816,41.8593899232774,"33",33,"031","17031330100","3301","Census Tract 3301",NA,"17","330100"
"387",-87.6357910021286,41.8428085569076,"34",34,"031","17031340300","3403","Census Tract 3403",NA,"17","340300"
"388",-87.628369494488,41.841929117219,"35",35,"031","17031350400","3504","Census Tract 3504",NA,"17","350400"
"389",-87.6712332972348,41.6846160682639,"75",75,"031","17031750500","7505","Census Tract 7505",NA,"17","750500"
"390",-87.6850711854365,41.6856568657085,"75",75,"031","17031750400","7504","Census Tract 7504",NA,"17","750400"
"391",-87.6714250843905,41.6956648936617,"75",75,"031","17031750200","7502","Census Tract 7502",NA,"17","750200"
"392",-87.5813482977084,41.7697313832028,"43",43,"031","17031430200","4302","Census Tract 4302",NA,"17","430200"
"393",-87.6932655434424,41.7736411324108,"66",66,"031","17031660800","6608","Census Tract 6608",NA,"17","660800"
"394",-87.6979986988113,41.7681040642867,"66",66,"031","17031660900","6609","Census Tract 6609",NA,"17","660900"
"395",-87.6620626482435,41.7904247913633,"67",67,"031","17031670200","6702","Census Tract 6702",NA,"17","670200"
"396",-87.6669166928783,41.7903576447653,"67",67,"031","17031670300","6703","Census Tract 6703",NA,"17","670300"
"397",-87.7044797154094,41.9156387679081,"22",22,"031","17031222600","2226","Census Tract 2226",NA,"17","222600"
"398",-87.7215396855525,41.9118319606011,"23",23,"031","17031230400","2304","Census Tract 2304",NA,"17","230400"
"399",-87.8127106839146,41.948908111081,"17",17,"031","17031170400","1704","Census Tract 1704",NA,"17","170400"
"400",-87.6237679789217,41.813806051756,"38",38,"031","17031380700","3807","Census Tract 3807",NA,"17","380700"
"401",-87.6138884826778,41.8039556822149,"38",38,"031","17031381900","3819","Census Tract 3819",NA,"17","381900"
"402",-87.599476543505,41.8130410428788,"39",39,"031","17031390200","3902","Census Tract 3902",NA,"17","390200"
"403",-87.796523744635,41.9418071162103,"17",17,"031","17031171000","1710","Census Tract 1710",NA,"17","171000"
"404",-87.7986730979621,41.9344788736682,"18",18,"031","17031180100","1801","Census Tract 1801",NA,"17","180100"
"405",-87.6042089034805,41.8132006244118,"39",39,"031","17031390300","3903","Census Tract 3903",NA,"17","390300"
"406",-87.5825420100428,41.8063784880796,"39",39,"031","17031390700","3907","Census Tract 3907",NA,"17","390700"
"407",-87.6131835549457,41.7931040318403,"40",40,"031","17031400300","4003","Census Tract 4003",NA,"17","400300"
"408",-87.6183210548701,41.7911262008019,"40",40,"031","17031400400","4004","Census Tract 4004",NA,"17","400400"
"409",-87.6231791424143,41.7910414619928,"40",40,"031","17031400500","4005","Census Tract 4005",NA,"17","400500"
"410",-87.6205579995434,41.7828633369567,"40",40,"031","17031400800","4008","Census Tract 4008",NA,"17","400800"
"411",-87.57932264519,41.8014966616155,"41",41,"031","17031410100","4101","Census Tract 4101",NA,"17","410100"
"412",-87.619531963697,41.7437381252114,"44",44,"031","17031440300","4403","Census Tract 4403",NA,"17","440300"
"413",-87.6096293572037,41.7347514087318,"44",44,"031","17031440700","4407","Census Tract 4407",NA,"17","440700"
"414",-87.5712982609022,41.7607500078055,"43",43,"031","17031430800","4308","Census Tract 4308",NA,"17","430800"
"415",-87.6564480765116,41.7614010310233,"67",67,"031","17031671800","6718","Census Tract 6718",NA,"17","671800"
"416",-87.6523524387574,41.790563991478,"68",68,"031","17031680500","6805","Census Tract 6805",NA,"17","680500"
"417",-87.6493595595547,41.7687665341169,"68",68,"031","17031681100","6811","Census Tract 6811",NA,"17","681100"
"418",-87.7376041954734,41.9350481285613,"20",20,"031","17031200100","2001","Census Tract 2001",NA,"17","200100"
"419",-87.5942678012689,41.80166752877,"41",41,"031","17031410200","4102","Census Tract 4102",NA,"17","410200"
"420",-87.6521652456118,41.7832811420597,"68",68,"031","17031680600","6806","Census Tract 6806",NA,"17","680600"
"421",-87.8307017439002,41.94129424915,"17",17,"031","17031170600","1706","Census Tract 1706",NA,"17","170600"
"422",-87.6277942461236,41.8200988644598,"38",38,"031","17031380500","3805","Census Tract 3805",NA,"17","380500"
"423",-87.6274462800126,41.8055502471561,"38",38,"031","17031381700","3817","Census Tract 3817",NA,"17","381700"
"424",-87.5893535732158,41.7696911560299,"43",43,"031","17031430300","4303","Census Tract 4303",NA,"17","430300"
"425",-87.5592322020036,41.7651432415676,"43",43,"031","17031430700","4307","Census Tract 4307",NA,"17","430700"
"426",-87.5811851414383,41.760640961855,"43",43,"031","17031430900","4309","Census Tract 4309",NA,"17","430900"
"427",-87.5711843394765,41.7553011286021,"43",43,"031","17031431200","4312","Census Tract 4312",NA,"17","431200"
"428",-87.547225501236,41.7596847446785,"43",43,"031","17031431400","4314","Census Tract 4314",NA,"17","431400"
"429",-87.7149563089122,41.905865120439,"23",23,"031","17031230800","2308","Census Tract 2308",NA,"17","230800"
"430",-87.7150683625688,41.899254251941,"23",23,"031","17031231100","2311","Census Tract 2311",NA,"17","231100"
"431",-87.8116057405675,41.9361958459265,"17",17,"031","17031170900","1709","Census Tract 1709",NA,"17","170900"
"432",-87.7013309490492,41.9428681074368,"21",21,"031","17031210100","2101","Census Tract 2101",NA,"17","210100"
"433",-87.593515955594,41.7834582360532,"42",42,"031","17031420200","4202","Census Tract 4202",NA,"17","420200"
"434",-87.598697015203,41.7832240938277,"42",42,"031","17031420300","4203","Census Tract 4203",NA,"17","420300"
"435",-87.6191603296711,41.7326909294136,"44",44,"031","17031440600","4406","Census Tract 4406",NA,"17","440600"
"436",-87.6033280346077,41.7317123890086,"44",44,"031","17031440800","4408","Census Tract 4408",NA,"17","440800"
"437",-87.6090058017903,41.7286690598037,"44",44,"031","17031440900","4409","Census Tract 4409",NA,"17","440900"
"438",-87.7405767903616,41.8040085381883,"56",56,"031","17031560400","5604","Census Tract 5604",NA,"17","560400"
"439",-87.5790894038957,41.7419438631527,"45",45,"031","17031450300","4503","Census Tract 4503",NA,"17","450300"
"440",-87.6612802448433,41.761325647809,"67",67,"031","17031671900","6719","Census Tract 6719",NA,"17","671900"
"441",-87.6711284530527,41.7611985605343,"67",67,"031","17031672000","6720","Census Tract 6720",NA,"17","672000"
"442",-87.6376321678031,41.7764281505661,"68",68,"031","17031680900","6809","Census Tract 6809",NA,"17","680900"
"443",-87.6495526263181,41.7760394627646,"68",68,"031","17031681000","6810","Census Tract 6810",NA,"17","681000"
"444",-87.6701816163636,41.912441673302,"24",24,"031","17031240200","2402","Census Tract 2402",NA,"17","240200"
"445",-87.6750712894836,41.9123661907869,"24",24,"031","17031240300","2403","Census Tract 2403",NA,"17","240300"
"446",-87.7356282729632,41.9278522690551,"20",20,"031","17031200200","2002","Census Tract 2002",NA,"17","200200"
"447",-87.6037464095568,41.7978272621171,"41",41,"031","17031410500","4105","Census Tract 4105",NA,"17","410500"
"448",-87.5989451393933,41.7979710227835,"41",41,"031","17031410600","4106","Census Tract 4106",NA,"17","410600"
"449",-87.7948166404961,41.9558595217078,"17",17,"031","17031170100","1701","Census Tract 1701",NA,"17","170100"
"450",-87.7815187828216,41.9493528308299,"17",17,"031","17031170200","1702","Census Tract 1702",NA,"17","170200"
"451",-87.7968278206059,41.9491247280667,"17",17,"031","17031170300","1703","Census Tract 1703",NA,"17","170300"
"452",-87.6211977584727,41.8038481232773,"38",38,"031","17031381800","3818","Census Tract 3818",NA,"17","381800"
"453",-87.8288959433461,41.9500779975548,"17",17,"031","17031170500","1705","Census Tract 1705",NA,"17","170500"
"454",-87.6240890409797,41.8274004886728,"35",35,"031","17031351400","3514","Census Tract 3514",NA,"17","351400"
"455",-87.6139991815799,41.80851144724,"38",38,"031","17031381200","3812","Census Tract 3812",NA,"17","381200"
"456",-87.6214297494364,41.8076202166101,"38",38,"031","17031381400","3814","Census Tract 3814",NA,"17","381400"
"457",-87.5906302769545,41.8138433784233,"39",39,"031","17031390100","3901","Census Tract 3901",NA,"17","390100"
"458",-87.5903214484794,41.7621777112674,"43",43,"031","17031430400","4304","Census Tract 4304",NA,"17","430400"
"459",-87.5812736032246,41.7642841585613,"43",43,"031","17031430500","4305","Census Tract 4305",NA,"17","430500"
"460",-87.5713747595019,41.764385448337,"43",43,"031","17031430600","4306","Census Tract 4306",NA,"17","430600"
"461",-87.7215398863574,41.9063400246946,"23",23,"031","17031230700","2307","Census Tract 2307",NA,"17","230700"
"462",-87.7103553552881,41.9067177373356,"23",23,"031","17031230900","2309","Census Tract 2309",NA,"17","230900"
"463",-87.7213153442323,41.8990614004628,"23",23,"031","17031231200","2312","Census Tract 2312",NA,"17","231200"
"464",-87.8221641541004,41.9414867044331,"17",17,"031","17031170700","1707","Census Tract 1707",NA,"17","170700"
"465",-87.8123712763073,41.9415761665762,"17",17,"031","17031170800","1708","Census Tract 1708",NA,"17","170800"
"466",-87.7812865054215,41.9420528215892,"17",17,"031","17031171100","1711","Census Tract 1711",NA,"17","171100"
"467",-87.7443888733073,41.9352176386575,"19",19,"031","17031190100","1901","Census Tract 1901",NA,"17","190100"
"468",-87.6747187652598,41.8995893675262,"24",24,"031","17031242200","2422","Census Tract 2422",NA,"17","242200"
"469",-87.7341263763901,41.9234805419582,"20",20,"031","17031200300","2003","Census Tract 2003",NA,"17","200300"
"470",-87.7302981167554,41.9357581406651,"21",21,"031","17031210400","2104","Census Tract 2104",NA,"17","210400"
"471",-87.6950863410069,41.9284646842757,"22",22,"031","17031220300","2203","Census Tract 2203",NA,"17","220300"
"472",-87.7038400759589,41.9357028994456,"21",21,"031","17031210700","2107","Census Tract 2107",NA,"17","210700"
"473",-87.6989333549485,41.9357455644072,"21",21,"031","17031210800","2108","Census Tract 2108",NA,"17","210800"
"474",-87.6933366360587,41.9354390792354,"21",21,"031","17031210900","2109","Census Tract 2109",NA,"17","210900"
"475",-87.5774016294595,41.7834164314315,"42",42,"031","17031420100","4201","Census Tract 4201",NA,"17","420100"
"476",-87.6035583614856,41.7831698978904,"42",42,"031","17031420400","4204","Census Tract 4204",NA,"17","420400"
"477",-87.6084261256671,41.7831002542007,"42",42,"031","17031420500","4205","Census Tract 4205",NA,"17","420500"
"478",-87.6198471519621,41.7546810947395,"69",69,"031","17031691300","6913","Census Tract 6913",NA,"17","691300"
"479",-87.6631954410268,41.9654466219959,"3",3,"031","17031031700","317","Census Tract 317",NA,"17","031700"
"480",-87.596489629708,41.7282208722081,"47",47,"031","17031470100","4701","Census Tract 4701",NA,"17","470100"
"481",-87.5756027034374,41.7352478630044,"48",48,"031","17031480100","4801","Census Tract 4801",NA,"17","480100"
"482",-87.6200151070569,41.7619654288361,"69",69,"031","17031691000","6910","Census Tract 6910",NA,"17","691000"
"483",-87.679600336132,41.8995065454147,"24",24,"031","17031242300","2423","Census Tract 2423",NA,"17","242300"
"484",-87.5897021057606,41.7904494986594,"41",41,"031","17031411100","4111","Census Tract 4111",NA,"17","411100"
"485",-87.5636922253996,41.7444905581206,"46",46,"031","17031460400","4604","Census Tract 4604",NA,"17","460400"
"486",-87.6384975806573,41.7691893118048,"68",68,"031","17031681200","6812","Census Tract 6812",NA,"17","681200"
"487",-87.6121085635788,41.7681656562295,"69",69,"031","17031690500","6905","Census Tract 6905",NA,"17","690500"
"488",-87.6753102573397,41.9060233934322,"24",24,"031","17031241400","2414","Census Tract 2414",NA,"17","241400"
"489",-87.670937488585,41.9083759393657,"24",24,"031","17031241500","2415","Census Tract 2415",NA,"17","241500"
"490",-87.6653277387057,41.906709710732,"24",24,"031","17031241600","2416","Census Tract 2416",NA,"17","241600"
"491",-87.6649536546445,41.8997371476605,"24",24,"031","17031242000","2420","Census Tract 2420",NA,"17","242000"
"492",-87.6647387878606,41.8924781700026,"24",24,"031","17031243300","2433","Census Tract 2433",NA,"17","243300"
"493",-87.6374382708624,41.6887764936847,"49",49,"031","17031491200","4912","Census Tract 4912",NA,"17","491200"
"494",-87.5879725556783,41.72919428671,"48",48,"031","17031480300","4803","Census Tract 4803",NA,"17","480300"
"495",-87.6488125985443,41.7478367184648,"71",71,"031","17031710800","7108","Census Tract 7108",NA,"17","710800"
"496",-87.6672855526884,41.7335044321313,"71",71,"031","17031711300","7113","Census Tract 7113",NA,"17","711300"
"497",-87.6733216275564,42.0160503344142,"1",1,"031","17031010202","102.02","Census Tract 102.02",NA,"17","010202"
"498",-87.5898841191688,41.7351237271907,"48",48,"031","17031480200","4802","Census Tract 4802",NA,"17","480200"
"499",-87.575638507094,41.7284497446585,"48",48,"031","17031480400","4804","Census Tract 4804",NA,"17","480400"
"500",-87.5590501066849,41.7275503703976,"48",48,"031","17031480500","4805","Census Tract 4805",NA,"17","480500"
"501",-87.6846857728006,41.9067070904476,"24",24,"031","17031241200","2412","Census Tract 2412",NA,"17","241200"
"502",-87.6298720984218,41.7617135216268,"69",69,"031","17031691100","6911","Census Tract 6911",NA,"17","691100"
"503",-87.6321805839093,41.7544389061764,"69",69,"031","17031691200","6912","Census Tract 6912",NA,"17","691200"
"504",-87.6101685214443,41.7548454886407,"69",69,"031","17031691400","6914","Census Tract 6914",NA,"17","691400"
"505",-87.6759518015518,41.9414211309368,"5",5,"031","17031051200","512","Census Tract 512",NA,"17","051200"
"506",-87.600298578197,41.7550430147103,"69",69,"031","17031691500","6915","Census Tract 6915",NA,"17","691500"
"507",-87.695309042107,41.7535931272374,"70",70,"031","17031700100","7001","Census Tract 7001",NA,"17","700100"
"508",-87.5941982487322,41.7980399671155,"41",41,"031","17031410700","4107","Census Tract 4107",NA,"17","410700"
"509",-87.5896243611629,41.7979588386852,"41",41,"031","17031410800","4108","Census Tract 4108",NA,"17","410800"
"510",-87.5766593388666,41.7978744696421,"41",41,"031","17031410900","4109","Census Tract 4109",NA,"17","410900"
"511",-87.5768732506534,41.7907157263205,"41",41,"031","17031411000","4110","Census Tract 4110",NA,"17","411000"
"512",-87.5940172254273,41.7905557480365,"41",41,"031","17031411200","4112","Census Tract 4112",NA,"17","411200"
"513",-87.6189951734598,41.6703911312556,"53",53,"031","17031530600","5306","Census Tract 5306",NA,"17","530600"
"514",-87.5357425866095,41.7461567336605,"46",46,"031","17031460100","4601","Census Tract 4601",NA,"17","460100"
"515",-87.5470110340332,41.7413868206795,"46",46,"031","17031460200","4602","Census Tract 4602",NA,"17","460200"
"516",-87.5726042631979,41.7468819216967,"46",46,"031","17031460500","4605","Census Tract 4605",NA,"17","460500"
"517",-87.5595142489767,41.7356326581731,"46",46,"031","17031460600","4606","Census Tract 4606",NA,"17","460600"
"518",-87.5492813270286,41.7355800405574,"46",46,"031","17031460700","4607","Census Tract 4607",NA,"17","460700"
"519",-87.6810250162682,41.9067715990372,"24",24,"031","17031241300","2413","Census Tract 2413",NA,"17","241300"
"520",-87.5465278973055,41.7274053154764,"46",46,"031","17031461000","4610","Census Tract 4610",NA,"17","461000"
"521",-87.6398621516752,41.7611733890142,"68",68,"031","17031681300","6813","Census Tract 6813",NA,"17","681300"
"522",-87.6491926437856,41.7615308356141,"68",68,"031","17031681400","6814","Census Tract 6814",NA,"17","681400"
"523",-87.6666112467348,41.9575311266407,"6",6,"031","17031060100","601","Census Tract 601",NA,"17","060100"
"524",-87.6290140191049,41.7686690536529,"69",69,"031","17031690300","6903","Census Tract 6903",NA,"17","690300"
"525",-87.6202083588291,41.7692585339308,"69",69,"031","17031690400","6904","Census Tract 6904",NA,"17","690400"
"526",-87.6103448044579,41.7621423714777,"69",69,"031","17031690900","6909","Census Tract 6909",NA,"17","690900"
"527",-87.671517467974,41.9579036958457,"6",6,"031","17031060200","602","Census Tract 602",NA,"17","060200"
"528",-87.6698374693742,41.8996698963095,"24",24,"031","17031242100","2421","Census Tract 2421",NA,"17","242100"
"529",-87.6745067534754,41.89235466214,"24",24,"031","17031243100","2431","Census Tract 2431",NA,"17","243100"
"530",-87.6696237770638,41.8924327728614,"24",24,"031","17031243200","2432","Census Tract 2432",NA,"17","243200"
"531",-87.6767426576869,41.7975955627406,"61",61,"031","17031611600","6116","Census Tract 6116",NA,"17","611600"
"532",-87.6598478569177,41.8925577145848,"24",24,"031","17031243400","2434","Census Tract 2434",NA,"17","243400"
"533",-87.6525172461958,41.8926536169898,"24",24,"031","17031243500","2435","Census Tract 2435",NA,"17","243500"
"534",-87.6583001537818,41.7395016368317,"71",71,"031","17031711100","7111","Census Tract 7111",NA,"17","711100"
"535",-87.7510729879918,41.9123508458549,"25",25,"031","17031250200","2502","Census Tract 2502",NA,"17","250200"
"536",-87.6280505695991,41.6997587693235,"49",49,"031","17031491000","4910","Census Tract 4910",NA,"17","491000"
"537",-87.6376956497155,41.6997571667347,"49",49,"031","17031491100","4911","Census Tract 4911",NA,"17","491100"
"538",-87.6419713137784,41.7533917948694,"71",71,"031","17031710100","7101","Census Tract 7101",NA,"17","710100"
"539",-87.5498631028924,41.7131178434464,"51",51,"031","17031510100","5101","Census Tract 5101",NA,"17","510100"
"540",-87.5600413746073,41.7142533810642,"51",51,"031","17031510200","5102","Census Tract 5102",NA,"17","510200"
"541",-87.6611056997132,41.7540485143477,"71",71,"031","17031710300","7103","Census Tract 7103",NA,"17","710300"
"542",-87.5397939315318,41.7138015730441,"52",52,"031","17031520200","5202","Census Tract 5202",NA,"17","520200"
"543",-87.6396899879306,41.7421468873074,"71",71,"031","17031710900","7109","Census Tract 7109",NA,"17","710900"
"544",-87.6485810671953,41.7396436572467,"71",71,"031","17031711000","7110","Census Tract 7110",NA,"17","711000"
"545",-87.6698252756484,41.7405561282662,"71",71,"031","17031711200","7112","Census Tract 7112",NA,"17","711200"
"546",-87.6521235795984,41.7336570753539,"71",71,"031","17031711400","7114","Census Tract 7114",NA,"17","711400"
"547",-87.6089208491967,41.8929749536367,"8",8,"031","17031081402","814.02","Census Tract 814.02",NA,"17","081402"
"548",-87.660943359654,41.7476600672157,"71",71,"031","17031710600","7106","Census Tract 7106",NA,"17","710600"
"549",-87.6357066726348,41.9449279625146,"6",6,"031","17031061902","619.02","Census Tract 619.02",NA,"17","061902"
"550",-87.6652300231842,41.9944414711833,"77",77,"031","17031030200","302","Census Tract 302",NA,"17","030200"
"551",-87.672534794872,41.9943875467716,"77",77,"031","17031030300","303","Census Tract 303",NA,"17","030300"
"552",-87.6720788236594,41.9869515883477,"77",77,"031","17031030400","304","Census Tract 304",NA,"17","030400"
"553",-87.6649358900833,41.9872260233685,"77",77,"031","17031030500","305","Census Tract 305",NA,"17","030500"
"554",-87.6641880377966,41.9799123285307,"77",77,"031","17031030800","308","Census Tract 308",NA,"17","030800"
"555",-87.6844900067498,41.8994219493757,"24",24,"031","17031242400","2424","Census Tract 2424",NA,"17","242400"
"556",-87.6893191063928,41.8994455325506,"24",24,"031","17031242500","2425","Census Tract 2425",NA,"17","242500"
"557",-87.6941970241724,41.9005601306738,"24",24,"031","17031242600","2426","Census Tract 2426",NA,"17","242600"
"558",-87.69937424851,41.8974253929847,"24",24,"031","17031242700","2427","Census Tract 2427",NA,"17","242700"
"559",-87.6903237564612,41.8926320462621,"24",24,"031","17031242800","2428","Census Tract 2428",NA,"17","242800"
"560",-87.6842896357353,41.8921955345192,"24",24,"031","17031242900","2429","Census Tract 2429",NA,"17","242900"
"561",-87.67939814165,41.8922753767449,"24",24,"031","17031243000","2430","Census Tract 2430",NA,"17","243000"
"562",-87.6999683652795,41.9284315180875,"22",22,"031","17031220400","2204","Census Tract 2204",NA,"17","220400"
"563",-87.7049110564962,41.9283966009,"22",22,"031","17031220500","2205","Census Tract 2205",NA,"17","220500"
"564",-87.6706209301142,41.967011427951,"3",3,"031","17031031800","318","Census Tract 318",NA,"17","031800"
"565",-87.7152525572765,41.9209604306078,"22",22,"031","17031221000","2210","Census Tract 2210",NA,"17","221000"
"566",-87.8294381512603,41.9875745531102,"10",10,"031","17031810400","8104","Census Tract 8104","Partially outside City Boundary","17","810400"
"567",-87.6701840556381,41.9633740099831,"3",3,"031","17031031900","319","Census Tract 319",NA,"17","031900"
"568",-87.5308703200226,41.6931168363549,"52",52,"031","17031520500","5205","Census Tract 5205",NA,"17","520500"
"569",-87.6891011125603,41.7028353050469,"72",72,"031","17031720500","7205","Census Tract 7205",NA,"17","720500"
"570",-87.6191477141258,41.7253815898814,"49",49,"031","17031490300","4903","Census Tract 4903",NA,"17","490300"
"571",-87.6108237327472,41.7236538639713,"49",49,"031","17031490400","4904","Census Tract 4904",NA,"17","490400"
"572",-87.6084202847756,41.8417493933668,"35",35,"031","17031350100","3501","Census Tract 3501",NA,"17","350100"
"573",-87.6141997546106,41.8277468898194,"35",35,"031","17031351100","3511","Census Tract 3511",NA,"17","351100"
"574",-87.7606039604747,41.8985490961548,"25",25,"031","17031251200","2512","Census Tract 2512",NA,"17","251200"
"575",-87.7189131878461,41.816200641046,"57",57,"031","17031570100","5701","Census Tract 5701",NA,"17","570100"
"576",-87.671445444337,41.9797951480664,"77",77,"031","17031030900","309","Census Tract 309",NA,"17","030900"
"577",-87.770630309781,41.9056934865373,"25",25,"031","17031250600","2506","Census Tract 2506",NA,"17","250600"
"578",-87.7412503233419,41.8153660966506,"56",56,"031","17031560100","5601","Census Tract 5601",NA,"17","560100"
"579",-87.6530178912036,41.9581538829619,"3",3,"031","17031032100","321","Census Tract 321",NA,"17","032100"
"580",-87.6132067765696,41.7179275312537,"49",49,"031","17031490500","4905","Census Tract 4905",NA,"17","490500"
"581",-87.6283323685628,41.7179513848838,"49",49,"031","17031490600","4906","Census Tract 4906",NA,"17","490600"
"582",-87.6283647832049,41.7107319179725,"49",49,"031","17031490700","4907","Census Tract 4907",NA,"17","490700"
"583",-87.6153371753444,41.710682759288,"49",49,"031","17031490800","4908","Census Tract 4908",NA,"17","490800"
"584",-87.7238221773232,41.7529902489375,"70",70,"031","17031700200","7002","Census Tract 7002",NA,"17","700200"
"585",-87.6514276686005,41.7551121179432,"71",71,"031","17031710200","7102","Census Tract 7102",NA,"17","710200"
"586",-87.6709324442156,41.7539186218601,"71",71,"031","17031710400","7104","Census Tract 7104",NA,"17","710400"
"587",-87.6707872891512,41.74753156326,"71",71,"031","17031710500","7105","Census Tract 7105",NA,"17","710500"
"588",-87.6568839344944,41.7471101006417,"71",71,"031","17031710700","7107","Census Tract 7107",NA,"17","710700"
"589",-87.7448924511409,41.8986945182237,"25",25,"031","17031251000","2510","Census Tract 2510",NA,"17","251000"
"590",-87.6718844875403,41.8860096513922,"28",28,"031","17031280400","2804","Census Tract 2804",NA,"17","280400"
"591",-87.6209322373746,41.8850464804807,"32",32,"031","17031320100","3201","Census Tract 3201",NA,"17","320100"
"592",-87.6866438566446,41.8102195113622,"58",58,"031","17031580800","5808","Census Tract 5808",NA,"17","580800"
"593",-87.6059744754526,41.8347835654841,"35",35,"031","17031351000","3510","Census Tract 3510",NA,"17","351000"
"594",-87.6099051531097,41.8268757470834,"36",36,"031","17031360200","3602","Census Tract 3602",NA,"17","360200"
"595",-87.6101004801345,41.8201967925991,"38",38,"031","17031380100","3801","Census Tract 3801",NA,"17","380100"
"596",-87.7186559105513,41.8917318285837,"23",23,"031","17031231500","2315","Census Tract 2315",NA,"17","231500"
"597",-87.7520111698127,41.8986248201216,"25",25,"031","17031251100","2511","Census Tract 2511",NA,"17","251100"
"598",-87.564010057535,41.6534293043138,"55",55,"031","17031550200","5502","Census Tract 5502",NA,"17","550200"
"599",-87.7721659189951,41.7962055430296,"56",56,"031","17031560800","5608","Census Tract 5608",NA,"17","560800"
"600",-87.7916513760204,41.7957700659269,"56",56,"031","17031560900","5609","Census Tract 5609",NA,"17","560900"
"601",-87.605369710844,41.689315058352,"50",50,"031","17031500300","5003","Census Tract 5003",NA,"17","500300"
"602",-87.7915032586594,41.7885020778345,"56",56,"031","17031561000","5610","Census Tract 5610",NA,"17","561000"
"603",-87.7719098463535,41.788869759659,"56",56,"031","17031561100","5611","Census Tract 5611",NA,"17","561100"
"604",-87.7307145214627,41.8143803492756,"57",57,"031","17031570200","5702","Census Tract 5702",NA,"17","570200"
"605",-87.6526425874302,41.7178211978586,"73",73,"031","17031730400","7304","Census Tract 7304",NA,"17","730400"
"606",-87.6381385927481,41.7142495329845,"73",73,"031","17031730500","7305","Census Tract 7305",NA,"17","730500"
"607",-87.6504857044298,41.7106003195261,"73",73,"031","17031730600","7306","Census Tract 7306",NA,"17","730600"
"608",-87.650079222,41.7030816925641,"73",73,"031","17031730700","7307","Census Tract 7307",NA,"17","730700"
"609",-87.7608384370136,41.9128391261029,"25",25,"031","17031250300","2503","Census Tract 2503",NA,"17","250300"
"610",-87.7753955652535,41.9129077726091,"25",25,"031","17031250400","2504","Census Tract 2504",NA,"17","250400"
"611",-87.7967955436002,41.914618658845,"25",25,"031","17031250500","2505","Census Tract 2505",NA,"17","250500"
"612",-87.7608100393402,41.9058212771906,"25",25,"031","17031250700","2507","Census Tract 2507",NA,"17","250700"
"613",-87.7514676486209,41.9061817822264,"25",25,"031","17031250800","2508","Census Tract 2508",NA,"17","250800"
"614",-87.5395570899332,41.7011233554331,"52",52,"031","17031520300","5203","Census Tract 5203",NA,"17","520300"
"615",-87.540403812171,41.6895294965431,"52",52,"031","17031520600","5206","Census Tract 5206",NA,"17","520600"
"616",-87.7477804440341,41.8113396448162,"56",56,"031","17031560200","5602","Census Tract 5602",NA,"17","560200"
"617",-87.7479493536155,41.803907151125,"56",56,"031","17031560300","5603","Census Tract 5603",NA,"17","560300"
"618",-87.7575201915945,41.7964626469436,"56",56,"031","17031560700","5607","Census Tract 5607",NA,"17","560700"
"619",-87.6386881450566,41.7324406581088,"71",71,"031","17031711500","7115","Census Tract 7115",NA,"17","711500"
"620",-87.677206979698,41.7027764483501,"72",72,"031","17031720600","7206","Census Tract 7206",NA,"17","720600"
"621",-87.6711093697111,41.9724370646173,"3",3,"031","17031031000","310","Census Tract 310",NA,"17","031000"
"622",-87.7089339534502,41.825187588191,"58",58,"031","17031580300","5803","Census Tract 5803",NA,"17","580300"
"623",-87.6835072769523,41.9504474331728,"5",5,"031","17031050500","505","Census Tract 505",NA,"17","050500"
"624",-87.6809279432069,41.9450094768655,"5",5,"031","17031050800","508","Census Tract 508",NA,"17","050800"
"625",-87.6857317169569,41.9413024385935,"5",5,"031","17031051000","510","Census Tract 510",NA,"17","051000"
"626",-87.6809904768094,41.9357489732302,"5",5,"031","17031051400","514","Census Tract 514",NA,"17","051400"
"627",-87.6414913759797,41.8979832169466,"8",8,"031","17031081900","819","Census Tract 819",NA,"17","081900"
"628",-87.769873411688,41.8836935537661,"25",25,"031","17031252000","2520","Census Tract 2520",NA,"17","252000"
"629",-87.7331353354073,41.8842758264741,"26",26,"031","17031260300","2603","Census Tract 2603",NA,"17","260300"
"630",-87.7019748499736,41.976801375421,"4",4,"031","17031040300","403","Census Tract 403",NA,"17","040300"
"631",-87.6923034104307,41.9631627458119,"4",4,"031","17031040800","408","Census Tract 408",NA,"17","040800"
"632",-87.6763729853003,41.9578451275335,"5",5,"031","17031050100","501","Census Tract 501",NA,"17","050100"
"633",-87.6837167763523,41.9577405655519,"5",5,"031","17031050200","502","Census Tract 502",NA,"17","050200"
"634",-87.6915185639173,41.957678099151,"5",5,"031","17031050300","503","Census Tract 503",NA,"17","050300"
"635",-87.6149860633483,41.8205740144202,"38",38,"031","17031380200","3802","Census Tract 3802",NA,"17","380200"
"636",-87.6439321237542,41.8417184109042,"60",60,"031","17031600400","6004","Census Tract 6004",NA,"17","600400"
"637",-87.626230024799,41.8925591257812,"8",8,"031","17031081500","815","Census Tract 815",NA,"17","081500"
"638",-87.6747271926867,41.7275944118257,"72",72,"031","17031720100","7201","Census Tract 7201",NA,"17","720100"
"639",-87.6660502746822,41.7130246594404,"72",72,"031","17031720200","7202","Census Tract 7202",NA,"17","720200"
"640",-87.6771451275635,41.71390273665,"72",72,"031","17031720300","7203","Census Tract 7203",NA,"17","720300"
"641",-87.6651387855229,41.7031071002767,"72",72,"031","17031720700","7207","Census Tract 7207",NA,"17","720700"
"642",-87.6384256214215,41.725177108689,"73",73,"031","17031730100","7301","Census Tract 7301",NA,"17","730100"
"643",-87.6645651412259,41.7274628411701,"73",73,"031","17031730300","7303","Census Tract 7303",NA,"17","730300"
"644",-87.6638662200163,41.9726684523494,"3",3,"031","17031031100","311","Census Tract 311",NA,"17","031100"
"645",-87.6573410165704,41.972709243317,"3",3,"031","17031031200","312","Census Tract 312",NA,"17","031200"
"646",-87.6467853319673,41.9729095894103,"3",3,"031","17031031300","313","Census Tract 313",NA,"17","031300"
"647",-87.640520868774,41.9625703293035,"3",3,"031","17031031400","314","Census Tract 314",NA,"17","031400"
"648",-87.7324552229474,41.798601471236,"57",57,"031","17031570500","5705","Census Tract 5705",NA,"17","570500"
"649",-87.6907450409822,41.8280542503029,"58",58,"031","17031580100","5801","Census Tract 5801",NA,"17","580100"
"650",-87.6993477310685,41.8267718528887,"58",58,"031","17031580200","5802","Census Tract 5802",NA,"17","580200"
"651",-87.6713316605357,41.9506061160054,"6",6,"031","17031060300","603","Census Tract 603",NA,"17","060300"
"652",-87.7091844641958,41.8152754905458,"58",58,"031","17031580400","5804","Census Tract 5804",NA,"17","580400"
"653",-87.6920314489785,41.8173979496308,"58",58,"031","17031580600","5806","Census Tract 5806",NA,"17","580600"
"654",-87.6517524087574,41.6813142845796,"53",53,"031","17031530300","5303","Census Tract 5303",NA,"17","530300"
"655",-87.6758404159793,41.9359958705416,"5",5,"031","17031051300","513","Census Tract 513",NA,"17","051300"
"656",-87.5950235909614,41.7146840908154,"50",50,"031","17031500100","5001","Census Tract 5001",NA,"17","500100"
"657",-87.6761813125507,41.9505466877488,"5",5,"031","17031050600","506","Census Tract 506",NA,"17","050600"
"658",-87.6760594931961,41.9450710327067,"5",5,"031","17031050700","507","Census Tract 507",NA,"17","050700"
"659",-87.6857780032287,41.9449465596816,"5",5,"031","17031050900","509","Census Tract 509",NA,"17","050900"
"660",-87.6808266392727,41.9413651779627,"5",5,"031","17031051100","511","Census Tract 511",NA,"17","051100"
"661",-87.637795508798,41.893255525223,"8",8,"031","17031081800","818","Census Tract 818",NA,"17","081800"
"662",-87.8135847150673,42.0152551296274,"9",9,"031","17031090100","901","Census Tract 901",NA,"17","090100"
"663",-87.8132239144932,42.005598464656,"9",9,"031","17031090200","902","Census Tract 902","Partially outside City Boundary","17","090200"
"664",-87.8166188975367,41.9992223764781,"9",9,"031","17031090300","903","Census Tract 903","Partially outside City Boundary","17","090300"
"665",-87.7830335609274,41.9895805769758,"10",10,"031","17031100100","1001","Census Tract 1001",NA,"17","100100"
"666",-87.7282293307321,41.884325177826,"26",26,"031","17031260200","2602","Census Tract 2602",NA,"17","260200"
"667",-87.7942459006259,41.9956163670118,"10",10,"031","17031100200","1002","Census Tract 1002",NA,"17","100200"
"668",-87.7233344781103,41.8843593958645,"26",26,"031","17031260100","2601","Census Tract 2601",NA,"17","260100"
"669",-87.666288164167,41.9415555596953,"6",6,"031","17031062400","624","Census Tract 624",NA,"17","062400"
"670",-87.6278035876653,41.6888969018493,"49",49,"031","17031491300","4913","Census Tract 4913",NA,"17","491300"
"671",-87.686668643169,41.7099918611282,"72",72,"031","17031720400","7204","Census Tract 7204",NA,"17","720400"
"672",-87.6515266962693,41.6740396041911,"53",53,"031","17031530400","5304","Census Tract 5304",NA,"17","530400"
"673",-87.6467302295017,41.9346595398557,"6",6,"031","17031063400","634","Census Tract 634",NA,"17","063400"
"674",-87.6520493427164,41.6886311466235,"75",75,"031","17031750600","7506","Census Tract 7506",NA,"17","750600"
"675",-87.6819933691771,41.9833306596909,"4",4,"031","17031040100","401","Census Tract 401",NA,"17","040100"
"676",-87.6840180467049,41.9668337641565,"4",4,"031","17031040600","406","Census Tract 406",NA,"17","040600"
"677",-87.6940852980985,41.9668056432169,"4",4,"031","17031040700","407","Census Tract 407",NA,"17","040700"
"678",-87.6838544254124,41.9631846578776,"4",4,"031","17031040900","409","Census Tract 409",NA,"17","040900"
"679",-87.9038954600581,41.9802669365203,"76",76,"031","17031980000","9800","Census Tract 9800","Partially outside City Boundary (O'Hare)","17","980000"
"680",-87.628873729237,41.8921063959127,"8",8,"031","17031081600","816","Census Tract 816",NA,"17","081600"
"681",-87.6318681461392,41.8920668837308,"8",8,"031","17031081700","817","Census Tract 817",NA,"17","081700"
"682",-87.7703849289735,41.8984251033862,"25",25,"031","17031251300","2513","Census Tract 2513",NA,"17","251300"
"683",-87.7701295758391,41.8909981836472,"25",25,"031","17031251400","2514","Census Tract 2514",NA,"17","251400"
"684",-87.760345526529,41.8911116984241,"25",25,"031","17031251500","2515","Census Tract 2515",NA,"17","251500"
"685",-87.7601039584835,41.8838195409388,"25",25,"031","17031251900","2519","Census Tract 2519",NA,"17","251900"
"686",-87.7279957623599,41.8770564374196,"26",26,"031","17031260700","2607","Census Tract 2607",NA,"17","260700"
"687",-87.65315883072,41.8365100039665,"60",60,"031","17031600900","6009","Census Tract 6009",NA,"17","600900"
"688",-87.6624413702783,41.8049939860648,"61",61,"031","17031611200","6112","Census Tract 6112",NA,"17","611200"
"689",-87.6612647973923,41.9361587077949,"6",6,"031","17031062800","628","Census Tract 628",NA,"17","062800"
"690",-87.6564112611538,41.9362370455415,"6",6,"031","17031062900","629","Census Tract 629",NA,"17","062900"
"691",-87.6515617373168,41.9363103064695,"6",6,"031","17031063000","630","Census Tract 630",NA,"17","063000"
"692",-87.646779882481,41.9382319390248,"6",6,"031","17031063100","631","Census Tract 631",NA,"17","063100"
"693",-87.6346426975116,41.9391654568882,"6",6,"031","17031063200","632","Census Tract 632",NA,"17","063200"
"694",-87.7734443181326,41.9800699061733,"11",11,"031","17031110200","1102","Census Tract 1102",NA,"17","110200"
"695",-87.7518037239905,41.8914065052014,"25",25,"031","17031251600","2516","Census Tract 2516",NA,"17","251600"
"696",-87.7444792752899,41.8913843952068,"25",25,"031","17031251700","2517","Census Tract 2517",NA,"17","251700"
"697",-87.747888517769,41.8841436125365,"25",25,"031","17031251800","2518","Census Tract 2518",NA,"17","251800"
"698",-87.7307909069767,41.8041448559593,"57",57,"031","17031570300","5703","Census Tract 5703",NA,"17","570300"
"699",-87.7191303907548,41.8049920993718,"57",57,"031","17031570400","5704","Census Tract 5704",NA,"17","570400"
"700",-87.7973995999895,41.9792043965555,"10",10,"031","17031100600","1006","Census Tract 1006",NA,"17","100600"
"701",-87.6566439918362,41.9425846819962,"6",6,"031","17031062200","622","Census Tract 622",NA,"17","062200"
"702",-87.7976295077111,41.9721234630467,"10",10,"031","17031100700","1007","Census Tract 1007",NA,"17","100700"
"703",-87.732009356059,41.8713378186736,"26",26,"031","17031261000","2610","Census Tract 2610",NA,"17","261000"
"704",-87.6709842790188,41.9359751951293,"6",6,"031","17031062600","626","Census Tract 626",NA,"17","062600"
"705",-87.7696949767282,41.987483369663,"11",11,"031","17031110100","1101","Census Tract 1101",NA,"17","110100"
"706",-87.7228141481138,41.8710297343113,"26",26,"031","17031260900","2609","Census Tract 2609",NA,"17","260900"
"707",-87.7177927895359,41.8762324680127,"27",27,"031","17031270500","2705","Census Tract 2705",NA,"17","270500"
"708",-87.5304965154071,41.7203319194659,"52",52,"031","17031520100","5201","Census Tract 5201",NA,"17","520100"
"709",-87.6721636169223,41.8048900943957,"61",61,"031","17031611400","6114","Census Tract 6114",NA,"17","611400"
"710",-87.6751019933438,41.8161778036262,"61",61,"031","17031610300","6103","Census Tract 6103",NA,"17","610300"
"711",-87.6384084025927,41.8127078821308,"61",61,"031","17031610800","6108","Census Tract 6108",NA,"17","610800"
"712",-87.6499380814394,41.8047713864215,"61",61,"031","17031611000","6110","Census Tract 6110",NA,"17","611000"
"713",-87.6661103226372,41.936086284844,"6",6,"031","17031062700","627","Census Tract 627",NA,"17","062700"
"714",-87.7400663328525,41.9911136483072,"12",12,"031","17031120300","1203","Census Tract 1203",NA,"17","120300"
"715",-87.6984896624601,41.8714964060085,"27",27,"031","17031271800","2718","Census Tract 2718",NA,"17","271800"
"716",-87.5307269861453,41.702990479215,"52",52,"031","17031520400","5204","Census Tract 5204",NA,"17","520400"
"717",-87.7377282146423,41.8766639864727,"26",26,"031","17031260500","2605","Census Tract 2605",NA,"17","260500"
"718",-87.7328666521091,41.8771077925214,"26",26,"031","17031260600","2606","Census Tract 2606",NA,"17","260600"
"719",-87.6868470055382,41.8174881984031,"58",58,"031","17031580700","5807","Census Tract 5807",NA,"17","580700"
"720",-87.6616426945224,41.9490599176071,"6",6,"031","17031061200","612","Census Tract 612",NA,"17","061200"
"721",-87.6799065202476,41.8266632622768,"59",59,"031","17031590500","5905","Census Tract 5905",NA,"17","590500"
"722",-87.6729254560145,41.826832895186,"59",59,"031","17031590600","5906","Census Tract 5906",NA,"17","590600"
"723",-87.6638517975193,41.826782128158,"59",59,"031","17031590700","5907","Census Tract 5907",NA,"17","590700"
"724",-87.6554678403034,41.8422595174412,"60",60,"031","17031600600","6006","Census Tract 6006",NA,"17","600600"
"725",-87.6606293462241,41.8406926887667,"60",60,"031","17031600700","6007","Census Tract 6007",NA,"17","600700"
"726",-87.6665364333139,41.9506732150825,"6",6,"031","17031060400","604","Census Tract 604",NA,"17","060400"
"727",-87.6605007507483,41.9527200004889,"6",6,"031","17031060500","605","Census Tract 605",NA,"17","060500"
"728",-87.640471228464,41.9506903739998,"6",6,"031","17031060900","609","Census Tract 609",NA,"17","060900"
"729",-87.6519702883886,41.9492205755225,"6",6,"031","17031061000","610","Census Tract 610",NA,"17","061000"
"730",-87.647078577794,41.9425768827324,"6",6,"031","17031062000","620","Census Tract 620",NA,"17","062000"
"731",-87.6517703740003,41.9426914726651,"6",6,"031","17031062100","621","Census Tract 621",NA,"17","062100"
"732",-87.7380411289613,41.8842145831541,"26",26,"031","17031260400","2604","Census Tract 2604",NA,"17","260400"
"733",-87.7230963815094,41.8770848411777,"26",26,"031","17031260800","2608","Census Tract 2608",NA,"17","260800"
"734",-87.69857245023,41.7899652381994,"63",63,"031","17031630800","6308","Census Tract 6308",NA,"17","630800"
"735",-87.8044058483085,41.9887029323304,"10",10,"031","17031100300","1003","Census Tract 1003",NA,"17","100300"
"736",-87.818041899982,41.9889676256284,"10",10,"031","17031100400","1004","Census Tract 1004",NA,"17","100400"
"737",-87.8197321953214,41.9780599520821,"10",10,"031","17031100500","1005","Census Tract 1005",NA,"17","100500"
"738",-87.6640457686181,41.8692735966958,"28",28,"031","17031283100","2831","Census Tract 2831",NA,"17","283100"
"739",-87.70356215219,41.8773597436837,"27",27,"031","17031271200","2712","Census Tract 2712",NA,"17","271200"
"740",-87.6674491255095,41.8103984556924,"61",61,"031","17031610400","6104","Census Tract 6104",NA,"17","610400"
"741",-87.6575817300694,41.8050590073865,"61",61,"031","17031611100","6111","Census Tract 6111",NA,"17","611100"
"742",-87.667303857876,41.80493627476,"61",61,"031","17031611300","6113","Census Tract 6113",NA,"17","611300"
"743",-87.6614431699098,41.9416277767885,"6",6,"031","17031062300","623","Census Tract 623",NA,"17","062300"
"744",-87.6711072517819,41.9414880261178,"6",6,"031","17031062500","625","Census Tract 625",NA,"17","062500"
"745",-87.673802296933,41.9292624333545,"7",7,"031","17031070700","707","Census Tract 707",NA,"17","070700"
"746",-87.6510614151148,41.9217777954925,"7",7,"031","17031071100","711","Census Tract 711",NA,"17","071100"
"747",-87.641457768386,41.9217794296563,"7",7,"031","17031071300","713","Census Tract 713",NA,"17","071300"
"748",-87.7130042476483,41.9706948939802,"14",14,"031","17031140200","1402","Census Tract 1402",NA,"17","140200"
"749",-87.6656766225574,41.9287627753399,"7",7,"031","17031070600","706","Census Tract 706",NA,"17","070600"
"750",-87.7521625393137,41.9772358803499,"12",12,"031","17031120400","1204","Census Tract 1204",NA,"17","120400"
"751",-87.7208086933143,41.9911041774369,"13",13,"031","17031130100","1301","Census Tract 1301",NA,"17","130100"
"752",-87.7360664039164,41.9808509204756,"13",13,"031","17031130200","1302","Census Tract 1302",NA,"17","130200"
"753",-87.7057941655798,41.9710844504755,"14",14,"031","17031140100","1401","Census Tract 1401",NA,"17","140100"
"754",-87.6591990481953,41.8695725892578,"28",28,"031","17031283200","2832","Census Tract 2832",NA,"17","283200"
"755",-87.7389429984246,41.9715370229522,"14",14,"031","17031140400","1404","Census Tract 1404",NA,"17","140400"
"756",-87.7223991130563,41.8552398983092,"29",29,"031","17031292400","2924","Census Tract 2924",NA,"17","292400"
"757",-87.6886812162966,41.8713669052985,"28",28,"031","17031282700","2827","Census Tract 2827",NA,"17","282700"
"758",-87.7322429355013,41.855161072069,"29",29,"031","17031292500","2925","Census Tract 2925",NA,"17","292500"
"759",-87.7173343182977,41.8479905056442,"30",30,"031","17031300600","3006","Census Tract 3006",NA,"17","300600"
"760",-87.7124504052518,41.8480720907353,"30",30,"031","17031300700","3007","Census Tract 3007",NA,"17","300700"
"761",-87.6849136099207,41.8702682686397,"28",28,"031","17031282800","2828","Census Tract 2828",NA,"17","282800"
"762",-87.653754692036,41.8634141555598,"28",28,"031","17031283800","2838","Census Tract 2838",NA,"17","283800"
"763",-87.7324566875243,41.8624103151098,"29",29,"031","17031290900","2909","Census Tract 2909",NA,"17","290900"
"764",-87.6922158433502,41.8576414996441,"29",29,"031","17031291600","2916","Census Tract 2916",NA,"17","291600"
"765",-87.6940452757609,41.8027452579656,"63",63,"031","17031630200","6302","Census Tract 6302",NA,"17","630200"
"766",-87.7084527924887,41.8773040307113,"27",27,"031","17031271300","2713","Census Tract 2713",NA,"17","271300"
"767",-87.685128153042,41.8786309346856,"28",28,"031","17031280900","2809","Census Tract 2809",NA,"17","280900"
"768",-87.6719761934002,41.797599178731,"61",61,"031","17031611700","6117","Census Tract 6117",NA,"17","611700"
"769",-87.6476807278655,41.7979127728683,"61",61,"031","17031612100","6121","Census Tract 6121",NA,"17","612100"
"770",-87.6513102493676,41.9290463102005,"7",7,"031","17031070300","703","Census Tract 703",NA,"17","070300"
"771",-87.7219392747727,41.8474251410425,"30",30,"031","17031300500","3005","Census Tract 3005",NA,"17","300500"
"772",-87.7128745865571,41.8626611985002,"29",29,"031","17031291200","2912","Census Tract 2912",NA,"17","291200"
"773",-87.7304437817688,41.7895025109175,"62",62,"031","17031620300","6203","Census Tract 6203",NA,"17","620300"
"774",-87.7181681614843,41.789638208033,"62",62,"031","17031620400","6204","Census Tract 6204",NA,"17","620400"
"775",-87.6816687891174,41.7992714950254,"63",63,"031","17031630100","6301","Census Tract 6301",NA,"17","630100"
"776",-87.7086378378678,41.7988620823054,"63",63,"031","17031630300","6303","Census Tract 6303",NA,"17","630300"
"777",-87.6987811009768,41.7972545236097,"63",63,"031","17031630400","6304","Census Tract 6304",NA,"17","630400"
"778",-87.689016519768,41.7974274333359,"63",63,"031","17031630500","6305","Census Tract 6305",NA,"17","630500"
"779",-87.7832348871363,41.9752908711942,"11",11,"031","17031110300","1103","Census Tract 1103",NA,"17","110300"
"780",-87.772610860467,41.9729531948758,"11",11,"031","17031110400","1104","Census Tract 1104",NA,"17","110400"
"781",-87.6428042439965,41.8852962477674,"28",28,"031","17031280100","2801","Census Tract 2801",NA,"17","280100"
"782",-87.7750073517355,42.0019822032905,"12",12,"031","17031120100","1201","Census Tract 1201",NA,"17","120100"
"783",-87.6889008800984,41.878596792857,"28",28,"031","17031280800","2808","Census Tract 2808",NA,"17","280800"
"784",-87.7576155989907,41.9945294127538,"12",12,"031","17031120200","1202","Census Tract 1202",NA,"17","120200"
"785",-87.7133313721809,41.8772429275684,"27",27,"031","17031271400","2714","Census Tract 2714",NA,"17","271400"
"786",-87.6559114123679,41.9217011749246,"7",7,"031","17031071000","710","Census Tract 710",NA,"17","071000"
"787",-87.642623634199,41.8792479502488,"28",28,"031","17031281900","2819","Census Tract 2819",NA,"17","281900"
"788",-87.5353298116554,41.6650328362537,"55",55,"031","17031550100","5501","Census Tract 5501",NA,"17","550100"
"789",-87.6462106452466,41.9218547757888,"7",7,"031","17031071200","712","Census Tract 712",NA,"17","071200"
"790",-87.6786552811656,41.8054483128716,"61",61,"031","17031611500","6115","Census Tract 6115",NA,"17","611500"
"791",-87.6671137779296,41.7976477887288,"61",61,"031","17031611800","6118","Census Tract 6118",NA,"17","611800"
"792",-87.6598226390879,41.797743083277,"61",61,"031","17031611900","6119","Census Tract 6119",NA,"17","611900"
"793",-87.6525358919114,41.7978467034099,"61",61,"031","17031612000","6120","Census Tract 6120",NA,"17","612000"
"794",-87.718025608493,41.7980176340028,"62",62,"031","17031620100","6201","Census Tract 6201",NA,"17","620100"
"795",-87.729233739771,41.795521422756,"62",62,"031","17031620200","6202","Census Tract 6202",NA,"17","620200"
"796",-87.6462929876019,41.9290778027509,"7",7,"031","17031070200","702","Census Tract 702",NA,"17","070200"
"797",-87.6561562668486,41.9289672575359,"7",7,"031","17031070400","704","Census Tract 704",NA,"17","070400"
"798",-87.6608922187241,41.9289455307686,"7",7,"031","17031070500","705","Census Tract 705",NA,"17","070500"
"799",-87.7133914753416,41.9865589724648,"13",13,"031","17031130300","1303","Census Tract 1303",NA,"17","130300"
"800",-87.7157067592158,41.8566517815873,"29",29,"031","17031292200","2922","Census Tract 2922",NA,"17","292200"
"801",-87.7083654952343,41.7898114642712,"63",63,"031","17031630900","6309","Census Tract 6309",NA,"17","630900"
